customer_id,customer_name,customer_type,region,volume_tier,loyalty_score,volatility_score,product_preference,persona,seasonality_pattern,growth_trend,risk_score,margin_profile,contract_tendency,volatility_type,relationship_age
CMID-01,Midwest Metals,Dealer,West,Large,88,8,HMS,Price Sensitive,Winter Peak,Declining,55,Low,High,spiky,5
CGLO-01,Global Ironworks,Dealer,West,Large,99,1,HMS,High Volume,Holiday Spike,Growing,58,High,High,cyclical,3
CALP-01,Alpha Industries,Dealer,Central,Large,88,5,HMS,Opportunistic,Winter Peak,Growing,49,Low,High,cyclical,14
CIRO-01,Iron Scrap,Dealer,East,Large,94,18,HMS,Loyalist,Winter Peak,Declining,38,High,High,random,14
CIRO-02,Iron Ironworks,Dealer,West,Large,82,2,Mixed,Opportunistic,Winter Peak,Growing,13,Medium,High,cyclical,17
CPRI-01,Prime Recycling,Dealer,Central,Large,91,7,Mixed,Price Sensitive,Summer Peak,Declining,94,Low,High,spiky,17
CSUM-01,Summit Scrap,Dealer,West,Large,97,8,Mixed,Price Sensitive,Summer Peak,Growing,41,Medium,High,cyclical,5
CGLO-02,Global Supply,Dealer,West,Large,90,7,Mixed,Loyalist,Holiday Spike,Growing,34,Low,High,spiky,20
CLIB-01,Liberty Scrap,Dealer,West,Large,98,14,Mixed,Loyalist,Flat,Growing,18,High,High,cyclical,5
CSTA-01,Star Steel,Dealer,East,Large,100,6,Mixed,Loyalist,Winter Peak,Stable,49,High,High,cyclical,19
CUNI-01,United Corp,Dealer,East,Large,83,22,Mixed,Opportunistic,Flat,Growing,38,Medium,High,spiky,17
CSTA-02,Star Scrap,Dealer,West,Large,85,17,Mixed,Opportunistic,Summer Peak,Growing,48,Low,High,random,19
CSTA-03,Star Supply,Dealer,Central,Large,95,1,HMS,Opportunistic,Flat,Growing,8,Low,High,random,5
CMID-02,Midwest Group,Dealer,East,Large,97,25,HMS,Loyalist,Summer Peak,Stable,68,High,High,cyclical,9
CLIB-02,Liberty Ironworks,Dealer,West,Large,89,13,Mixed,Opportunistic,Holiday Spike,Declining,58,Low,High,spiky,10
CMID-03,Midwest Resources,Dealer,East,Large,98,18,HMS,Relationship Driven,Winter Peak,Growing,91,High,High,spiky,10
CMID-04,Midwest Metals,Dealer,Central,Large,82,17,HMS,Loyalist,Summer Peak,Declining,17,High,High,random,18
CGLO-03,Global Group,Dealer,Central,Large,86,4,HMS,Loyalist,Flat,Stable,53,Medium,High,random,4
CMID-05,Midwest Metals,Dealer,Central,Large,90,26,Mixed,Relationship Driven,Summer Peak,Growing,69,Medium,High,spiky,16
CALP-02,Alpha Scrap,Dealer,Central,Large,87,28,Mixed,Loyalist,Winter Peak,Growing,84,High,High,spiky,5
CGLO-04,Global Recycling,Dealer,Central,Large,95,16,HMS,Loyalist,Winter Peak,Growing,49,Low,High,cyclical,11
CPIO-01,Pioneer Scrap,Dealer,Central,Large,97,22,Mixed,Relationship Driven,Summer Peak,Stable,28,Low,High,random,20
CSTA-04,Star Resources,Dealer,East,Large,81,19,HMS,High Volume,Summer Peak,Growing,66,Low,High,spiky,5
CIRO-03,Iron Steel,Dealer,West,Large,87,13,HMS,High Volume,Summer Peak,Declining,77,Low,High,random,5
CSUM-02,Summit Supply,Dealer,West,Large,96,11,Mixed,Relationship Driven,Flat,Growing,34,Medium,High,spiky,12
CPIO-02,Pioneer Resources,Dealer,East,Large,80,15,Mixed,High Volume,Winter Peak,Growing,69,Low,High,random,11
CALP-03,Alpha Resources,Dealer,East,Large,87,12,HMS,Loyalist,Flat,Declining,84,High,High,spiky,20
CUNI-02,United Steel,Dealer,East,Large,88,4,Mixed,High Volume,Summer Peak,Stable,37,High,High,spiky,13
CGLO-05,Global Scrap,Dealer,West,Large,95,9,Mixed,Price Sensitive,Winter Peak,Declining,55,Medium,High,spiky,3
CPRI-02,Prime Recycling,Dealer,West,Large,88,6,Mixed,High Volume,Holiday Spike,Declining,2,Low,High,spiky,7
CLIB-03,Liberty Metals,Dealer,Central,Large,98,18,HMS,Relationship Driven,Winter Peak,Stable,47,Low,High,cyclical,9
CGLO-06,Global Steel,Dealer,Central,Large,97,29,Mixed,High Volume,Summer Peak,Growing,21,Low,High,cyclical,3
CALP-04,Alpha Resources,Dealer,Central,Large,87,9,HMS,Price Sensitive,Holiday Spike,Growing,61,Low,High,spiky,17
CPRI-03,Prime Scrap,Dealer,East,Large,87,1,Mixed,Loyalist,Flat,Stable,9,Medium,High,cyclical,19
CSUM-03,Summit Corp,Dealer,Central,Large,80,4,Mixed,Opportunistic,Summer Peak,Declining,34,Low,High,spiky,16
CPRI-04,Prime Resources,Dealer,Central,Large,99,17,HMS,High Volume,Summer Peak,Stable,6,High,High,cyclical,3
CLIB-04,Liberty Corp,Dealer,West,Large,86,12,HMS,Opportunistic,Flat,Declining,16,High,High,cyclical,19
CUNI-03,United Industries,Dealer,Central,Large,92,23,HMS,Relationship Driven,Summer Peak,Stable,86,Medium,High,random,8
CIRO-04,Iron Supply,Dealer,Central,Large,92,18,Mixed,Opportunistic,Flat,Growing,56,High,High,random,13
CPIO-03,Pioneer Group,Dealer,Central,Large,86,17,HMS,Relationship Driven,Winter Peak,Stable,66,High,High,random,13
CMID-06,Midwest Ironworks,Dealer,West,Large,89,8,Mixed,Relationship Driven,Winter Peak,Growing,32,Medium,High,random,5
CPIO-04,Pioneer Industries,Dealer,West,Large,98,7,Mixed,Loyalist,Holiday Spike,Stable,32,Low,High,random,3
CMID-07,Midwest Industries,Dealer,East,Large,85,26,Mixed,High Volume,Holiday Spike,Growing,72,Low,High,spiky,17
CALP-05,Alpha Group,Dealer,West,Large,96,18,HMS,Loyalist,Holiday Spike,Declining,58,Low,High,random,18
CPIO-05,Pioneer Scrap,Dealer,East,Large,100,9,Mixed,High Volume,Holiday Spike,Declining,31,Medium,High,cyclical,5
CUNI-04,United Ironworks,Dealer,Central,Large,90,11,Mixed,Price Sensitive,Summer Peak,Growing,30,Medium,High,random,7
CGLO-07,Global Steel,Dealer,Central,Large,93,11,HMS,Loyalist,Winter Peak,Growing,54,Medium,High,random,3
CIRO-05,Iron Industries,Dealer,Central,Large,80,12,HMS,Loyalist,Holiday Spike,Declining,96,High,High,random,10
CPIO-06,Pioneer Ironworks,Dealer,Central,Large,93,16,HMS,Opportunistic,Holiday Spike,Declining,22,Medium,High,spiky,20
CSTA-05,Star Industries,Dealer,West,Large,98,22,HMS,Loyalist,Summer Peak,Stable,24,Low,High,cyclical,15
CPRI-05,Prime Ironworks,Dealer,Central,Large,90,11,Mixed,Loyalist,Flat,Stable,33,Low,High,cyclical,3
CLIB-05,Liberty Metals,Dealer,Central,Large,87,21,HMS,Price Sensitive,Winter Peak,Growing,26,Low,High,random,7
CGLO-08,Global Recycling,Dealer,Central,Large,83,19,Mixed,Loyalist,Flat,Stable,22,High,High,random,6
CALP-06,Alpha Scrap,Dealer,East,Large,98,1,Mixed,High Volume,Holiday Spike,Stable,92,Low,High,spiky,10
CMID-08,Midwest Scrap,Dealer,West,Large,99,26,HMS,High Volume,Winter Peak,Stable,69,Medium,High,random,14
CMID-09,Midwest Corp,Dealer,West,Large,90,1,Mixed,Loyalist,Winter Peak,Stable,47,High,High,cyclical,7
CSUM-04,Summit Recycling,Dealer,West,Large,96,21,HMS,High Volume,Holiday Spike,Stable,56,High,High,random,11
CPRI-06,Prime Ironworks,Dealer,East,Large,88,29,HMS,Loyalist,Holiday Spike,Stable,4,Medium,High,cyclical,8
CPIO-07,Pioneer Ironworks,Dealer,Central,Large,88,11,HMS,High Volume,Flat,Declining,2,High,High,spiky,5
CGLO-09,Global Industries,Dealer,Central,Large,97,25,HMS,Loyalist,Holiday Spike,Stable,3,Low,High,cyclical,10
CSUM-05,Summit Ironworks,Dealer,Central,Large,98,12,HMS,High Volume,Flat,Stable,96,High,High,cyclical,14
CPIO-08,Pioneer Scrap,Dealer,Central,Large,88,8,HMS,Relationship Driven,Flat,Growing,96,High,High,random,8
CGLO-10,Global Ironworks,Dealer,West,Large,95,9,Mixed,High Volume,Flat,Growing,25,Medium,High,spiky,14
CALP-07,Alpha Scrap,Dealer,East,Large,97,5,HMS,Price Sensitive,Flat,Declining,17,High,High,cyclical,6
CSTA-06,Star Supply,Dealer,Central,Large,95,16,HMS,Relationship Driven,Winter Peak,Stable,62,Low,High,spiky,15
CPIO-09,Pioneer Steel,Dealer,West,Large,100,22,HMS,Relationship Driven,Flat,Growing,32,Low,High,random,16
CIRO-06,Iron Supply,Dealer,West,Large,87,25,HMS,Loyalist,Holiday Spike,Stable,76,Medium,High,cyclical,4
CIRO-07,Iron Steel,Dealer,East,Large,100,7,HMS,Price Sensitive,Summer Peak,Growing,23,High,High,spiky,8
CSTA-07,Star Industries,Dealer,Central,Large,99,16,HMS,Relationship Driven,Flat,Declining,37,High,High,cyclical,5
CGLO-11,Global Scrap,Dealer,West,Large,98,22,Mixed,Relationship Driven,Holiday Spike,Growing,70,Low,High,random,7
CUNI-05,United Recycling,Dealer,East,Large,81,6,Mixed,High Volume,Flat,Stable,16,Medium,High,random,12
CSUM-06,Summit Scrap,Dealer,West,Large,97,16,HMS,High Volume,Winter Peak,Stable,95,Medium,High,random,11
CSTA-08,Star Steel,Dealer,East,Large,98,19,Mixed,Opportunistic,Winter Peak,Growing,61,High,High,random,17
CUNI-06,United Recycling,Dealer,West,Large,93,21,Mixed,Price Sensitive,Holiday Spike,Stable,53,Medium,High,cyclical,6
CALP-08,Alpha Resources,Dealer,Central,Large,95,10,Mixed,Loyalist,Winter Peak,Stable,12,Medium,High,cyclical,13
CMID-10,Midwest Industries,Dealer,West,Large,80,22,Mixed,Loyalist,Holiday Spike,Growing,25,High,High,cyclical,18
CPIO-10,Pioneer Metals,Dealer,East,Large,88,18,HMS,Opportunistic,Holiday Spike,Declining,63,Low,High,spiky,10
CALP-09,Alpha Scrap,Dealer,West,Large,80,18,HMS,Relationship Driven,Winter Peak,Stable,16,High,High,spiky,18
CUNI-07,United Corp,Dealer,West,Large,88,14,Mixed,Loyalist,Summer Peak,Stable,71,Low,High,cyclical,9
CIRO-08,Iron Corp,Dealer,West,Large,84,28,HMS,Loyalist,Flat,Declining,35,Low,High,cyclical,12
CIRO-09,Iron Supply,Dealer,West,Large,95,28,HMS,High Volume,Holiday Spike,Stable,43,High,High,random,15
CPIO-11,Pioneer Resources,Dealer,East,Large,87,19,HMS,Loyalist,Winter Peak,Stable,96,Medium,High,random,15
CSUM-07,Summit Recycling,Dealer,Central,Large,81,5,HMS,High Volume,Flat,Growing,57,Low,High,random,17
CSTA-09,Star Recycling,Dealer,Central,Large,100,5,HMS,Opportunistic,Flat,Declining,89,Medium,High,random,5
CPRI-07,Prime Corp,Dealer,Central,Medium,60,62,Mixed,High Volume,Winter Peak,Declining,9,Low,Medium,random,12
CGLO-12,Global Steel,Dealer,Central,Medium,53,37,Mixed,Loyalist,Summer Peak,Declining,39,Low,Medium,spiky,13
CSTA-10,Star Scrap,Dealer,Central,Medium,61,58,Mixed,Relationship Driven,Summer Peak,Declining,53,High,Medium,random,8
CALP-10,Alpha Recycling,Dealer,East,Medium,69,55,Mixed,High Volume,Summer Peak,Stable,75,Low,Medium,spiky,17
CUNI-08,United Group,Dealer,Central,Medium,71,31,Mixed,Loyalist,Flat,Declining,70,Low,Medium,spiky,17
CPRI-08,Prime Supply,Dealer,Central,Medium,70,58,Mixed,Opportunistic,Holiday Spike,Stable,26,Medium,Medium,cyclical,6
CGLO-13,Global Industries,Dealer,West,Medium,61,67,Mixed,Opportunistic,Flat,Growing,85,Medium,Medium,cyclical,3
CIRO-10,Iron Metals,Dealer,West,Medium,73,62,Mixed,Opportunistic,Summer Peak,Declining,46,Low,Medium,random,9
CIRO-11,Iron Scrap,Dealer,West,Medium,74,39,Mixed,Price Sensitive,Winter Peak,Stable,57,Low,Medium,random,14
CALP-11,Alpha Steel,Dealer,Central,Medium,60,57,Mixed,Relationship Driven,Summer Peak,Growing,70,Medium,Medium,random,19
CUNI-09,United Recycling,Dealer,Central,Medium,79,61,Mixed,Opportunistic,Flat,Growing,60,Low,Medium,spiky,10
CSUM-08,Summit Corp,Dealer,Central,Medium,52,56,Mixed,Price Sensitive,Flat,Declining,16,Medium,Medium,cyclical,11
CIRO-12,Iron Industries,Dealer,West,Medium,61,37,Mixed,Relationship Driven,Holiday Spike,Growing,80,High,Medium,cyclical,10
CMID-11,Midwest Group,Dealer,West,Medium,59,57,Mixed,Price Sensitive,Summer Peak,Growing,5,Medium,Medium,cyclical,6
CMID-12,Midwest Ironworks,Dealer,West,Medium,54,55,Mixed,Loyalist,Flat,Declining,96,High,Medium,random,16
CIRO-13,Iron Recycling,Dealer,Central,Medium,70,37,Mixed,Loyalist,Holiday Spike,Stable,5,High,Medium,cyclical,9
CPIO-12,Pioneer Group,Dealer,East,Medium,77,54,Mixed,Price Sensitive,Flat,Declining,83,Medium,Medium,spiky,15
CUNI-10,United Ironworks,Dealer,East,Medium,77,60,Mixed,Price Sensitive,Summer Peak,Declining,82,High,Medium,spiky,4
CPRI-09,Prime Ironworks,Dealer,East,Medium,75,67,Mixed,Relationship Driven,Winter Peak,Declining,27,High,Medium,spiky,10
CPRI-10,Prime Recycling,Dealer,West,Medium,50,48,Mixed,Relationship Driven,Summer Peak,Declining,33,Low,Medium,spiky,3
CALP-12,Alpha Metals,Dealer,Central,Medium,75,46,Mixed,High Volume,Flat,Growing,23,Medium,Medium,spiky,7
CSUM-09,Summit Corp,Dealer,East,Medium,73,35,Mixed,Loyalist,Holiday Spike,Stable,66,High,Medium,spiky,17
CLIB-06,Liberty Ironworks,Dealer,West,Medium,51,64,Mixed,Opportunistic,Holiday Spike,Declining,4,Low,Medium,cyclical,15
CSUM-10,Summit Steel,Dealer,Central,Medium,72,59,Mixed,Price Sensitive,Winter Peak,Stable,78,Low,Medium,spiky,7
CUNI-11,United Supply,Dealer,West,Medium,68,66,Mixed,Opportunistic,Holiday Spike,Declining,68,Medium,Medium,cyclical,19
CIRO-14,Iron Industries,Dealer,East,Medium,75,38,Mixed,High Volume,Summer Peak,Stable,58,Low,Medium,cyclical,13
CPIO-13,Pioneer Industries,Dealer,Central,Medium,73,37,Mixed,Opportunistic,Holiday Spike,Stable,86,Medium,Medium,cyclical,7
CPIO-14,Pioneer Steel,Dealer,East,Medium,76,36,Mixed,Price Sensitive,Holiday Spike,Growing,96,High,Medium,cyclical,7
CLIB-07,Liberty Metals,Dealer,West,Medium,67,66,Mixed,Opportunistic,Winter Peak,Stable,46,High,Medium,cyclical,4
CUNI-12,United Supply,Dealer,Central,Medium,61,37,Mixed,High Volume,Summer Peak,Growing,85,Medium,Medium,spiky,6
CPRI-11,Prime Corp,Dealer,Central,Medium,53,48,Mixed,High Volume,Summer Peak,Stable,72,High,Medium,random,20
CSTA-11,Star Supply,Dealer,West,Medium,76,48,Mixed,Price Sensitive,Summer Peak,Stable,90,Medium,Medium,cyclical,14
CSTA-12,Star Recycling,Dealer,East,Medium,68,56,Mixed,Price Sensitive,Summer Peak,Declining,82,Low,Medium,spiky,19
CGLO-14,Global Industries,Dealer,Central,Medium,64,52,Mixed,Relationship Driven,Flat,Stable,93,Medium,Medium,random,5
CSTA-13,Star Recycling,Dealer,East,Medium,74,70,Mixed,Price Sensitive,Winter Peak,Stable,57,High,Medium,cyclical,18
CIRO-15,Iron Group,Dealer,Central,Medium,58,44,Mixed,High Volume,Winter Peak,Stable,56,Low,Medium,cyclical,18
CLIB-08,Liberty Scrap,Dealer,East,Medium,57,56,Mixed,High Volume,Winter Peak,Growing,27,Medium,Medium,spiky,7
CUNI-13,United Scrap,Dealer,Central,Medium,53,31,Mixed,Loyalist,Holiday Spike,Growing,17,Medium,Medium,random,10
CLIB-09,Liberty Corp,Dealer,West,Medium,75,53,Mixed,Price Sensitive,Holiday Spike,Declining,6,Medium,Medium,spiky,17
CMID-13,Midwest Resources,Dealer,West,Medium,63,67,Mixed,Loyalist,Holiday Spike,Stable,15,Medium,Medium,spiky,13
CALP-13,Alpha Supply,Dealer,Central,Medium,76,54,Mixed,Price Sensitive,Holiday Spike,Growing,32,Medium,Medium,random,15
CLIB-10,Liberty Steel,Dealer,Central,Medium,77,50,Mixed,Opportunistic,Summer Peak,Stable,100,Low,Medium,spiky,19
CMID-14,Midwest Corp,Dealer,West,Medium,56,53,Mixed,Opportunistic,Summer Peak,Growing,14,Low,Medium,cyclical,9
CALP-14,Alpha Supply,Dealer,East,Medium,74,35,Mixed,Relationship Driven,Holiday Spike,Stable,97,High,Medium,random,17
CIRO-16,Iron Supply,Dealer,Central,Medium,77,51,Mixed,Relationship Driven,Holiday Spike,Growing,61,Medium,Medium,random,12
CUNI-14,United Supply,Dealer,East,Medium,61,63,Mixed,Price Sensitive,Flat,Stable,58,Low,Medium,spiky,14
CUNI-15,United Steel,Dealer,West,Medium,77,36,Mixed,High Volume,Holiday Spike,Stable,75,High,Medium,random,4
CPIO-15,Pioneer Supply,Dealer,West,Medium,56,51,Mixed,High Volume,Holiday Spike,Declining,20,Low,Medium,cyclical,6
CPRI-12,Prime Steel,Dealer,West,Medium,70,42,Mixed,Price Sensitive,Summer Peak,Declining,57,Medium,Medium,random,19
CIRO-17,Iron Recycling,Dealer,Central,Medium,61,49,Mixed,Loyalist,Holiday Spike,Stable,87,High,Medium,spiky,13
CMID-15,Midwest Resources,Dealer,East,Medium,67,55,Mixed,Opportunistic,Flat,Declining,85,High,Medium,spiky,13
CMID-16,Midwest Supply,Dealer,West,Medium,54,53,Mixed,Opportunistic,Holiday Spike,Growing,77,High,Medium,spiky,12
CLIB-11,Liberty Industries,Dealer,West,Medium,75,52,Mixed,Relationship Driven,Winter Peak,Declining,86,Medium,Medium,random,14
CSTA-14,Star Resources,Dealer,Central,Medium,55,44,Mixed,Opportunistic,Holiday Spike,Growing,29,Low,Medium,spiky,5
CUNI-16,United Steel,Dealer,West,Medium,74,65,Mixed,High Volume,Winter Peak,Declining,44,High,Medium,spiky,15
CALP-15,Alpha Recycling,Dealer,East,Medium,76,70,Mixed,Relationship Driven,Holiday Spike,Growing,53,Medium,Medium,random,10
CPIO-16,Pioneer Supply,Dealer,Central,Medium,74,59,Mixed,Relationship Driven,Summer Peak,Stable,61,Low,Medium,cyclical,17
CPIO-17,Pioneer Scrap,Dealer,Central,Medium,66,64,Mixed,Loyalist,Summer Peak,Growing,78,Low,Medium,cyclical,4
CPIO-18,Pioneer Resources,Dealer,West,Medium,79,37,Mixed,High Volume,Winter Peak,Stable,11,Low,Medium,cyclical,17
CLIB-12,Liberty Recycling,Dealer,Central,Medium,52,45,Mixed,Loyalist,Flat,Growing,54,Low,Medium,cyclical,19
CPRI-13,Prime Ironworks,Dealer,Central,Medium,52,54,Mixed,Relationship Driven,Winter Peak,Stable,13,High,Medium,random,13
CALP-16,Alpha Recycling,Dealer,East,Medium,59,61,Mixed,Relationship Driven,Holiday Spike,Stable,79,Low,Medium,spiky,3
CUNI-17,United Ironworks,Dealer,East,Medium,67,69,Mixed,High Volume,Holiday Spike,Growing,100,Medium,Medium,spiky,12
CMID-17,Midwest Metals,Dealer,East,Medium,63,70,Mixed,Loyalist,Winter Peak,Growing,64,High,Medium,random,3
CLIB-13,Liberty Supply,Dealer,East,Medium,72,40,Mixed,Opportunistic,Holiday Spike,Growing,79,Medium,Medium,spiky,16
CALP-17,Alpha Steel,Dealer,West,Medium,61,35,Mixed,High Volume,Winter Peak,Stable,61,Low,Medium,random,15
CPRI-14,Prime Scrap,Dealer,West,Medium,50,53,Mixed,Price Sensitive,Flat,Growing,94,High,Medium,random,6
CIRO-18,Iron Resources,Dealer,East,Medium,51,53,Mixed,High Volume,Flat,Declining,23,High,Medium,cyclical,18
CALP-18,Alpha Recycling,Dealer,East,Medium,72,60,Mixed,Price Sensitive,Flat,Growing,6,Low,Medium,spiky,13
CUNI-18,United Corp,Dealer,Central,Medium,76,65,Mixed,Loyalist,Flat,Growing,97,High,Medium,spiky,12
CPRI-15,Prime Metals,Dealer,West,Medium,60,48,Mixed,Price Sensitive,Flat,Stable,52,High,Medium,cyclical,15
CPRI-16,Prime Recycling,Dealer,Central,Medium,72,62,Mixed,Opportunistic,Flat,Growing,94,Medium,Medium,spiky,16
CIRO-19,Iron Recycling,Dealer,West,Medium,59,51,Mixed,Price Sensitive,Winter Peak,Stable,85,Medium,Medium,cyclical,17
CIRO-20,Iron Industries,Dealer,East,Medium,72,59,Mixed,Opportunistic,Holiday Spike,Growing,94,Medium,Medium,random,16
CUNI-19,United Metals,Dealer,East,Medium,71,56,Mixed,Opportunistic,Summer Peak,Growing,19,High,Medium,random,17
CSTA-15,Star Recycling,Dealer,East,Medium,57,54,Mixed,Opportunistic,Holiday Spike,Declining,5,High,Medium,spiky,17
CPRI-17,Prime Resources,Dealer,Central,Medium,74,35,Mixed,High Volume,Summer Peak,Declining,47,Medium,Medium,cyclical,11
CGLO-15,Global Steel,Dealer,East,Medium,73,42,Mixed,Loyalist,Holiday Spike,Declining,16,Medium,Medium,cyclical,17
CGLO-16,Global Supply,Dealer,Central,Medium,72,62,Mixed,Relationship Driven,Winter Peak,Growing,10,Medium,Medium,spiky,17
CMID-18,Midwest Resources,Dealer,West,Medium,61,35,Mixed,High Volume,Flat,Stable,21,High,Medium,random,8
CPRI-18,Prime Corp,Dealer,East,Medium,53,43,Mixed,Relationship Driven,Summer Peak,Stable,4,Medium,Medium,random,14
CPIO-19,Pioneer Corp,Dealer,East,Medium,69,36,Mixed,Price Sensitive,Flat,Stable,92,High,Medium,cyclical,19
CSUM-11,Summit Industries,Dealer,West,Medium,52,39,Mixed,Opportunistic,Winter Peak,Stable,60,High,Medium,random,14
CALP-19,Alpha Corp,Dealer,West,Medium,68,42,Mixed,Relationship Driven,Holiday Spike,Declining,8,Low,Medium,random,7
CUNI-20,United Recycling,Dealer,East,Medium,60,45,Mixed,Opportunistic,Flat,Growing,33,Low,Medium,random,20
CUNI-21,United Recycling,Dealer,West,Medium,59,70,Mixed,High Volume,Winter Peak,Declining,83,Low,Medium,random,7
CALP-20,Alpha Supply,Dealer,West,Medium,78,69,Mixed,Opportunistic,Winter Peak,Growing,11,Low,Medium,random,11
CGLO-17,Global Supply,Dealer,Central,Medium,69,32,Mixed,Loyalist,Flat,Declining,39,Medium,Medium,spiky,15
CUNI-22,United Group,Dealer,East,Medium,72,34,Mixed,Relationship Driven,Holiday Spike,Stable,62,Medium,Medium,spiky,13
CIRO-21,Iron Recycling,Dealer,Central,Medium,77,51,Mixed,Opportunistic,Holiday Spike,Growing,98,Medium,Medium,random,20
CMID-19,Midwest Resources,Dealer,East,Medium,64,38,Mixed,Opportunistic,Holiday Spike,Growing,19,Low,Medium,spiky,12
CSUM-12,Summit Supply,Dealer,Central,Medium,57,41,Mixed,Opportunistic,Flat,Growing,98,Low,Medium,cyclical,19
CPIO-20,Pioneer Group,Dealer,Central,Medium,65,32,Mixed,Price Sensitive,Holiday Spike,Declining,59,Low,Medium,spiky,14
CSTA-16,Star Metals,Dealer,Central,Medium,65,69,Mixed,Loyalist,Flat,Declining,2,Low,Medium,cyclical,7
CUNI-23,United Resources,Dealer,Central,Medium,61,33,Mixed,Loyalist,Winter Peak,Declining,72,Low,Medium,cyclical,20
CUNI-24,United Steel,Dealer,Central,Medium,66,59,Mixed,High Volume,Flat,Declining,88,High,Medium,spiky,7
CMID-20,Midwest Industries,Dealer,Central,Medium,75,52,Mixed,High Volume,Flat,Growing,26,High,Medium,random,15
CLIB-14,Liberty Metals,Dealer,East,Medium,51,39,Mixed,Opportunistic,Holiday Spike,Declining,59,Low,Medium,random,19
CALP-21,Alpha Resources,Dealer,West,Medium,60,41,Mixed,Loyalist,Flat,Declining,44,High,Medium,random,20
CPIO-21,Pioneer Supply,Dealer,Central,Medium,65,32,Mixed,Opportunistic,Flat,Declining,15,Medium,Medium,random,12
CSTA-17,Star Supply,Dealer,Central,Medium,58,68,Mixed,High Volume,Summer Peak,Declining,7,High,Medium,cyclical,8
CLIB-15,Liberty Supply,Dealer,Central,Medium,54,46,Mixed,Price Sensitive,Winter Peak,Growing,3,Medium,Medium,cyclical,16
CALP-22,Alpha Industries,Dealer,West,Medium,56,57,Mixed,High Volume,Holiday Spike,Declining,94,Low,Medium,random,7
CLIB-16,Liberty Ironworks,Dealer,West,Medium,60,61,Mixed,High Volume,Holiday Spike,Stable,23,Medium,Medium,random,13
CLIB-17,Liberty Resources,Dealer,West,Medium,74,47,Mixed,High Volume,Holiday Spike,Growing,32,Medium,Medium,random,12
CGLO-18,Global Scrap,Dealer,Central,Medium,72,44,Mixed,Loyalist,Flat,Stable,45,High,Medium,random,11
CUNI-25,United Steel,Dealer,West,Medium,71,65,Mixed,Loyalist,Holiday Spike,Stable,99,Low,Medium,cyclical,4
CUNI-26,United Steel,Dealer,Central,Medium,79,59,Mixed,Opportunistic,Holiday Spike,Growing,26,High,Medium,cyclical,20
CUNI-27,United Recycling,Dealer,East,Medium,69,68,Mixed,Relationship Driven,Summer Peak,Growing,86,High,Medium,spiky,10
CSTA-18,Star Steel,Dealer,Central,Medium,60,61,Mixed,Price Sensitive,Summer Peak,Growing,71,Low,Medium,cyclical,18
CPIO-22,Pioneer Ironworks,Dealer,Central,Medium,60,49,Mixed,Price Sensitive,Winter Peak,Declining,74,Low,Medium,random,4
CALP-23,Alpha Industries,Dealer,East,Medium,79,33,Mixed,Loyalist,Holiday Spike,Growing,96,Medium,Medium,spiky,3
CUNI-28,United Supply,Dealer,West,Medium,53,52,Mixed,Opportunistic,Holiday Spike,Declining,70,High,Medium,cyclical,7
CLIB-18,Liberty Group,Dealer,Central,Medium,56,38,Mixed,Opportunistic,Summer Peak,Declining,59,High,Medium,cyclical,8
CSTA-19,Star Resources,Dealer,Central,Medium,68,43,Mixed,Relationship Driven,Holiday Spike,Stable,66,Medium,Medium,spiky,15
CMID-21,Midwest Recycling,Dealer,East,Medium,65,51,Mixed,Relationship Driven,Winter Peak,Stable,50,Low,Medium,cyclical,11
CPRI-19,Prime Scrap,Dealer,West,Medium,73,67,Mixed,Price Sensitive,Flat,Declining,47,High,Medium,spiky,4
CMID-22,Midwest Group,Dealer,Central,Medium,55,56,Mixed,High Volume,Flat,Declining,16,High,Medium,cyclical,14
CIRO-22,Iron Ironworks,Dealer,East,Medium,54,61,Mixed,Relationship Driven,Holiday Spike,Declining,78,Medium,Medium,cyclical,20
CPIO-23,Pioneer Corp,Dealer,West,Medium,76,44,Mixed,Relationship Driven,Winter Peak,Declining,58,High,Medium,random,14
CMID-23,Midwest Supply,Dealer,East,Medium,51,66,Mixed,High Volume,Summer Peak,Declining,69,Low,Medium,spiky,13
CLIB-19,Liberty Group,Dealer,East,Medium,71,44,Mixed,High Volume,Holiday Spike,Growing,66,Medium,Medium,spiky,17
CALP-24,Alpha Corp,Dealer,Central,Medium,64,67,Mixed,Price Sensitive,Holiday Spike,Declining,40,High,Medium,spiky,15
CUNI-29,United Metals,Dealer,West,Medium,56,68,Mixed,Price Sensitive,Winter Peak,Stable,45,High,Medium,spiky,20
CSTA-20,Star Steel,Dealer,Central,Medium,51,49,Mixed,Loyalist,Summer Peak,Growing,99,High,Medium,random,16
CPRI-20,Prime Industries,Dealer,Central,Medium,77,55,Mixed,Loyalist,Winter Peak,Declining,85,High,Medium,spiky,14
RMWI-01,Maria Williams,Peddler,West,Small,26,93,Shred,Relationship Driven,Summer Peak,Growing,97,Low,Low,cyclical,7
RWMI-01,William Miller,Peddler,West,Small,25,74,Shred,Relationship Driven,Holiday Spike,Stable,20,Medium,Low,spiky,1
RJMI-01,John Miller,Peddler,West,Small,2,75,Shred,Relationship Driven,Winter Peak,Growing,77,Low,Low,cyclical,9
RJBR-01,John Brown,Peddler,West,Small,3,85,Shred,Loyalist,Summer Peak,Declining,28,Low,Low,spiky,8
RRBR-01,Robert Brown,Peddler,West,Small,37,80,Shred,High Volume,Flat,Growing,39,Low,Low,random,8
RLMI-01,Linda Miller,Peddler,Central,Small,18,63,Shred,High Volume,Summer Peak,Declining,87,Medium,Low,random,7
RJGA-01,John Garcia,Peddler,West,Small,25,93,Shred,Opportunistic,Holiday Spike,Stable,20,Medium,Low,cyclical,2
RWDA-01,William Davis,Peddler,East,Small,15,79,Shred,Relationship Driven,Holiday Spike,Growing,72,Medium,Low,cyclical,8
RWWI-01,William Williams,Peddler,Central,Small,16,76,Shred,Relationship Driven,Flat,Declining,11,Medium,Low,cyclical,1
RWBR-01,William Brown,Peddler,East,Small,18,84,Shred,High Volume,Winter Peak,Growing,25,High,Low,random,10
RWBR-02,William Brown,Peddler,Central,Small,14,81,Shred,Opportunistic,Winter Peak,Growing,25,High,Low,spiky,7
RLWI-01,Linda Wilson,Peddler,West,Small,14,85,Shred,Relationship Driven,Flat,Stable,49,Medium,Low,random,10
RPJO-01,Patricia Jones,Peddler,Central,Small,24,92,Shred,Loyalist,Holiday Spike,Growing,93,Medium,Low,cyclical,3
RPGA-01,Patricia Garcia,Peddler,Central,Small,3,96,Shred,Relationship Driven,Summer Peak,Growing,34,High,Low,random,9
RMJO-01,Michael Jones,Peddler,East,Small,13,81,Shred,Relationship Driven,Holiday Spike,Declining,32,Medium,Low,random,10
RPJO-02,Patricia Jones,Peddler,Central,Small,32,89,Shred,Relationship Driven,Flat,Growing,18,High,Low,random,7
RJLO-01,James Lopez,Peddler,West,Small,4,93,Shred,Price Sensitive,Winter Peak,Declining,7,Low,Low,cyclical,2
RLJO-01,Linda Johnson,Peddler,West,Small,10,60,Shred,Relationship Driven,Holiday Spike,Stable,8,High,Low,random,10
REDA-01,Elizabeth Davis,Peddler,West,Small,32,61,Shred,Price Sensitive,Holiday Spike,Growing,3,High,Low,random,4
RWJO-01,William Jones,Peddler,East,Small,33,87,Shred,Relationship Driven,Winter Peak,Growing,68,Low,Low,spiky,3
RELO-01,Elizabeth Lopez,Peddler,Central,Small,23,77,Shred,Loyalist,Winter Peak,Stable,52,Medium,Low,random,3
RLJO-02,Linda Jones,Peddler,West,Small,6,62,Shred,Price Sensitive,Holiday Spike,Stable,49,High,Low,cyclical,0
RJWI-01,John Williams,Peddler,East,Small,32,87,Shred,Opportunistic,Winter Peak,Declining,6,Low,Low,spiky,9
RBJO-01,Barbara Jones,Peddler,East,Small,5,77,Shred,High Volume,Winter Peak,Growing,41,Low,Low,spiky,9
RJMI-02,James Miller,Peddler,East,Small,20,70,Shred,High Volume,Summer Peak,Declining,50,High,Low,random,5
RMWI-02,Michael Williams,Peddler,West,Small,6,92,Shred,Opportunistic,Winter Peak,Growing,56,Low,Low,spiky,5
REWI-01,Elizabeth Wilson,Peddler,West,Small,26,80,Shred,Price Sensitive,Flat,Stable,63,Low,Low,cyclical,8
RMMI-01,Michael Miller,Peddler,East,Small,38,84,Shred,Price Sensitive,Flat,Growing,92,Low,Low,spiky,4
RJMI-03,James Miller,Peddler,West,Small,10,84,Shred,Opportunistic,Flat,Growing,12,Low,Low,cyclical,7
RPJO-03,Patricia Jones,Peddler,East,Small,9,65,Shred,Relationship Driven,Holiday Spike,Stable,72,High,Low,random,6
RMSM-01,Maria Smith,Peddler,East,Small,23,95,Shred,Price Sensitive,Flat,Stable,2,Medium,Low,cyclical,6
RMLO-01,Maria Lopez,Peddler,East,Small,37,93,Shred,Relationship Driven,Holiday Spike,Growing,18,Medium,Low,cyclical,4
RBWI-01,Barbara Williams,Peddler,East,Small,11,87,Shred,Opportunistic,Holiday Spike,Stable,62,Low,Low,cyclical,4
RLDA-01,Linda Davis,Peddler,West,Small,40,72,Shred,Loyalist,Winter Peak,Growing,39,Low,Low,cyclical,5
REMI-01,Elizabeth Miller,Peddler,Central,Small,29,81,Shred,Loyalist,Summer Peak,Stable,42,High,Low,random,3
RBGA-01,Barbara Garcia,Peddler,East,Small,26,80,Shred,Opportunistic,Holiday Spike,Declining,32,Medium,Low,cyclical,4
RMGA-01,Michael Garcia,Peddler,East,Small,37,72,Shred,High Volume,Summer Peak,Declining,99,High,Low,spiky,7
RLDA-02,Linda Davis,Peddler,Central,Small,5,86,Shred,Loyalist,Summer Peak,Declining,39,Low,Low,cyclical,10
RJMI-04,James Miller,Peddler,Central,Small,5,88,Shred,High Volume,Holiday Spike,Declining,52,High,Low,random,6
RWSM-01,William Smith,Peddler,Central,Small,35,98,Shred,Price Sensitive,Winter Peak,Growing,85,High,Low,cyclical,2
RESM-01,Elizabeth Smith,Peddler,West,Small,26,81,Shred,Loyalist,Winter Peak,Growing,13,Medium,Low,spiky,8
RWLO-01,William Lopez,Peddler,West,Small,37,74,Shred,Loyalist,Flat,Stable,60,High,Low,random,8
RJGA-02,James Garcia,Peddler,East,Small,31,66,Shred,Opportunistic,Holiday Spike,Growing,15,High,Low,spiky,5
RRGA-01,Robert Garcia,Peddler,Central,Small,14,93,Shred,Loyalist,Flat,Stable,13,Medium,Low,random,7
RPJO-04,Patricia Johnson,Peddler,Central,Small,3,67,Shred,Price Sensitive,Flat,Declining,14,High,Low,spiky,3
RWWI-02,William Williams,Peddler,West,Small,11,81,Shred,High Volume,Holiday Spike,Stable,30,Medium,Low,random,2
RJMI-05,James Miller,Peddler,Central,Small,2,99,Shred,Relationship Driven,Holiday Spike,Declining,55,Medium,Low,spiky,3
RLJO-03,Linda Jones,Peddler,West,Small,5,96,Shred,Price Sensitive,Summer Peak,Stable,42,Low,Low,cyclical,1
RRDA-01,Robert Davis,Peddler,West,Small,21,98,Shred,Loyalist,Holiday Spike,Declining,15,Medium,Low,cyclical,7
REWI-02,Elizabeth Williams,Peddler,West,Small,20,99,Shred,High Volume,Winter Peak,Declining,18,Medium,Low,spiky,3
RRJO-01,Robert Johnson,Peddler,East,Small,24,69,Shred,High Volume,Holiday Spike,Stable,77,Low,Low,random,6
RMWI-03,Michael Williams,Peddler,Central,Small,35,71,Shred,High Volume,Summer Peak,Stable,37,Low,Low,spiky,5
RBWI-02,Barbara Wilson,Peddler,East,Small,23,60,Shred,Loyalist,Summer Peak,Growing,50,High,Low,random,10
RBMI-01,Barbara Miller,Peddler,West,Small,32,86,Shred,Loyalist,Holiday Spike,Growing,11,High,Low,spiky,3
RRSM-01,Robert Smith,Peddler,Central,Small,15,94,Shred,Opportunistic,Summer Peak,Stable,73,High,Low,cyclical,8
RWJO-02,William Johnson,Peddler,West,Small,8,77,Shred,High Volume,Flat,Declining,97,Low,Low,random,7
RWBR-03,William Brown,Peddler,Central,Small,7,75,Shred,Opportunistic,Winter Peak,Stable,34,Medium,Low,spiky,7
RMBR-01,Maria Brown,Peddler,East,Small,38,82,Shred,High Volume,Holiday Spike,Growing,79,Low,Low,spiky,3
RJWI-02,John Wilson,Peddler,Central,Small,35,77,Shred,High Volume,Summer Peak,Stable,91,Medium,Low,cyclical,9
RRLO-01,Robert Lopez,Peddler,West,Small,7,68,Shred,Loyalist,Winter Peak,Stable,84,Low,Low,random,2
RLWI-02,Linda Williams,Peddler,West,Small,21,75,Shred,Loyalist,Holiday Spike,Growing,74,High,Low,cyclical,10
RMMI-02,Michael Miller,Peddler,Central,Small,5,100,Shred,Price Sensitive,Holiday Spike,Declining,96,Medium,Low,random,5
RBDA-01,Barbara Davis,Peddler,Central,Small,38,60,Shred,Price Sensitive,Holiday Spike,Declining,86,High,Low,cyclical,1
RWMI-02,William Miller,Peddler,East,Small,28,73,Shred,Loyalist,Flat,Stable,37,Medium,Low,random,9
RJWI-03,James Wilson,Peddler,Central,Small,22,63,Shred,Price Sensitive,Winter Peak,Declining,59,Low,Low,spiky,2
RBDA-02,Barbara Davis,Peddler,East,Small,28,72,Shred,Relationship Driven,Flat,Growing,36,Low,Low,random,5
RRJO-02,Robert Johnson,Peddler,Central,Small,11,63,Shred,Loyalist,Flat,Declining,90,Low,Low,cyclical,10
RMJO-02,Maria Johnson,Peddler,East,Small,14,90,Shred,Price Sensitive,Summer Peak,Declining,29,High,Low,random,7
RJSM-01,John Smith,Peddler,West,Small,22,67,Shred,Loyalist,Summer Peak,Stable,10,Low,Low,cyclical,1
RMJO-03,Maria Johnson,Peddler,Central,Small,24,79,Shred,Relationship Driven,Holiday Spike,Growing,83,High,Low,spiky,1
RWWI-03,William Wilson,Peddler,East,Small,40,70,Shred,Loyalist,Flat,Declining,28,High,Low,random,2
RMWI-04,Michael Wilson,Peddler,West,Small,29,73,Shred,Price Sensitive,Winter Peak,Growing,97,Low,Low,random,6
RPMI-01,Patricia Miller,Peddler,Central,Small,9,75,Shred,Opportunistic,Winter Peak,Growing,71,High,Low,random,9
RRSM-02,Robert Smith,Peddler,West,Small,20,73,Shred,High Volume,Summer Peak,Declining,51,Medium,Low,random,0
RLDA-03,Linda Davis,Peddler,Central,Small,8,75,Shred,Loyalist,Winter Peak,Declining,2,Medium,Low,cyclical,2
RMWI-05,Michael Wilson,Peddler,Central,Small,24,94,Shred,Relationship Driven,Holiday Spike,Growing,3,High,Low,spiky,0
RRBR-02,Robert Brown,Peddler,East,Small,4,85,Shred,High Volume,Flat,Declining,92,High,Low,cyclical,6
RMJO-04,Michael Johnson,Peddler,West,Small,35,94,Shred,High Volume,Summer Peak,Stable,11,Medium,Low,spiky,8
RLWI-03,Linda Williams,Peddler,West,Small,21,85,Shred,High Volume,Winter Peak,Stable,90,Medium,Low,random,3
RJBR-02,John Brown,Peddler,East,Small,28,67,Shred,Loyalist,Winter Peak,Stable,86,High,Low,random,2
RMSM-02,Maria Smith,Peddler,West,Small,9,60,Shred,Relationship Driven,Holiday Spike,Stable,67,High,Low,random,4
RJGA-03,James Garcia,Peddler,East,Small,18,67,Shred,Price Sensitive,Flat,Stable,35,High,Low,spiky,4
REJO-01,Elizabeth Johnson,Peddler,Central,Small,30,92,Shred,Opportunistic,Winter Peak,Stable,73,Low,Low,cyclical,2
RRJO-03,Robert Johnson,Peddler,West,Small,8,74,Shred,High Volume,Winter Peak,Growing,2,Low,Low,spiky,7
RPMI-02,Patricia Miller,Peddler,East,Small,12,62,Shred,High Volume,Holiday Spike,Growing,42,Low,Low,cyclical,5
RRJO-04,Robert Johnson,Peddler,West,Small,24,67,Shred,High Volume,Winter Peak,Growing,29,High,Low,spiky,6
RMDA-01,Maria Davis,Peddler,Central,Small,20,80,Shred,Price Sensitive,Holiday Spike,Growing,48,Low,Low,cyclical,9
RRWI-01,Robert Wilson,Peddler,East,Small,30,83,Shred,High Volume,Holiday Spike,Growing,94,High,Low,spiky,2
RJMI-06,John Miller,Peddler,East,Small,15,94,Shred,Opportunistic,Winter Peak,Stable,1,High,Low,cyclical,4
RMBR-02,Maria Brown,Peddler,West,Small,16,86,Shred,Loyalist,Winter Peak,Growing,92,Medium,Low,spiky,0
RLLO-01,Linda Lopez,Peddler,Central,Small,24,89,Shred,Price Sensitive,Winter Peak,Declining,18,High,Low,cyclical,1
REWI-03,Elizabeth Wilson,Peddler,East,Small,28,68,Shred,Relationship Driven,Flat,Stable,41,Medium,Low,random,5
RPDA-01,Patricia Davis,Peddler,Central,Small,15,64,Shred,Relationship Driven,Summer Peak,Declining,14,Low,Low,spiky,2
RBDA-03,Barbara Davis,Peddler,Central,Small,27,67,Shred,High Volume,Flat,Growing,58,Medium,Low,cyclical,4
RMJO-05,Maria Johnson,Peddler,East,Small,20,98,Shred,Price Sensitive,Summer Peak,Stable,19,Low,Low,random,3
RPMI-03,Patricia Miller,Peddler,West,Small,4,79,Shred,Opportunistic,Summer Peak,Growing,52,Medium,Low,random,8
RLJO-04,Linda Johnson,Peddler,Central,Small,7,68,Shred,Price Sensitive,Winter Peak,Growing,100,Low,Low,spiky,3
RMGA-02,Michael Garcia,Peddler,West,Small,6,97,Shred,High Volume,Flat,Growing,3,Low,Low,spiky,10
RBWI-03,Barbara Williams,Peddler,East,Small,22,67,Shred,Price Sensitive,Holiday Spike,Growing,22,High,Low,cyclical,6
RBSM-01,Barbara Smith,Peddler,Central,Small,28,71,Shred,Opportunistic,Summer Peak,Growing,36,Medium,Low,cyclical,2
RJWI-04,John Wilson,Peddler,West,Small,40,75,Shred,Opportunistic,Holiday Spike,Stable,71,Medium,Low,spiky,1
RRMI-01,Robert Miller,Peddler,East,Small,27,72,Shred,High Volume,Summer Peak,Declining,70,Low,Low,cyclical,5
RBLO-01,Barbara Lopez,Peddler,Central,Small,23,96,Shred,High Volume,Flat,Stable,35,Low,Low,spiky,5
REBR-01,Elizabeth Brown,Peddler,East,Small,18,63,Shred,Loyalist,Flat,Declining,30,Low,Low,spiky,3
RLJO-05,Linda Jones,Peddler,West,Small,4,74,Shred,High Volume,Holiday Spike,Stable,23,Low,Low,spiky,9
RPGA-02,Patricia Garcia,Peddler,West,Small,2,82,Shred,High Volume,Summer Peak,Declining,25,Medium,Low,random,4
RJDA-01,James Davis,Peddler,East,Small,6,63,Shred,Relationship Driven,Summer Peak,Growing,68,Medium,Low,spiky,5
REBR-02,Elizabeth Brown,Peddler,East,Small,22,71,Shred,Opportunistic,Winter Peak,Growing,19,High,Low,random,2
RMLO-02,Maria Lopez,Peddler,Central,Small,5,83,Shred,Loyalist,Winter Peak,Stable,39,Medium,Low,spiky,2
RMDA-02,Michael Davis,Peddler,West,Small,21,71,Shred,High Volume,Flat,Growing,86,High,Low,spiky,6
RRJO-05,Robert Jones,Peddler,East,Small,12,60,Shred,High Volume,Holiday Spike,Declining,5,Low,Low,random,5
REBR-03,Elizabeth Brown,Peddler,West,Small,37,66,Shred,Loyalist,Summer Peak,Stable,96,Low,Low,spiky,5
RPWI-01,Patricia Williams,Peddler,West,Small,6,100,Shred,Opportunistic,Holiday Spike,Growing,34,Low,Low,spiky,1
RPJO-05,Patricia Jones,Peddler,East,Small,1,63,Shred,Loyalist,Holiday Spike,Declining,54,Low,Low,cyclical,7
RMGA-03,Michael Garcia,Peddler,West,Small,25,66,Shred,Loyalist,Summer Peak,Growing,58,Low,Low,spiky,4
RJGA-04,John Garcia,Peddler,Central,Small,7,64,Shred,Opportunistic,Summer Peak,Stable,21,High,Low,spiky,8
RMGA-04,Maria Garcia,Peddler,West,Small,40,90,Shred,Price Sensitive,Holiday Spike,Declining,22,High,Low,cyclical,2
RJJO-01,John Johnson,Peddler,Central,Small,14,72,Shred,Loyalist,Flat,Declining,37,Medium,Low,spiky,1
RJMI-07,John Miller,Peddler,West,Small,36,91,Shred,Relationship Driven,Winter Peak,Stable,1,Medium,Low,spiky,4
REDA-02,Elizabeth Davis,Peddler,East,Small,7,61,Shred,Relationship Driven,Summer Peak,Declining,38,Low,Low,cyclical,1
RRMI-02,Robert Miller,Peddler,Central,Small,32,76,Shred,Price Sensitive,Holiday Spike,Growing,48,Medium,Low,cyclical,2
RBSM-02,Barbara Smith,Peddler,Central,Small,29,89,Shred,Opportunistic,Summer Peak,Stable,73,Low,Low,spiky,10
RMJO-06,Maria Johnson,Peddler,West,Small,23,94,Shred,Loyalist,Summer Peak,Declining,8,Medium,Low,random,6
RWDA-02,William Davis,Peddler,West,Small,16,90,Shred,Opportunistic,Winter Peak,Stable,92,Low,Low,random,9
RWWI-04,William Wilson,Peddler,West,Small,40,69,Shred,Price Sensitive,Holiday Spike,Growing,22,Low,Low,spiky,2
RJMI-08,John Miller,Peddler,East,Small,28,72,Shred,Relationship Driven,Flat,Stable,94,Low,Low,spiky,6
RWMI-03,William Miller,Peddler,West,Small,21,77,Shred,High Volume,Holiday Spike,Growing,90,High,Low,random,8
RMJO-07,Michael Johnson,Peddler,Central,Small,10,69,Shred,High Volume,Winter Peak,Growing,73,Low,Low,cyclical,8
RPMI-04,Patricia Miller,Peddler,Central,Small,25,91,Shred,High Volume,Holiday Spike,Growing,23,Medium,Low,cyclical,2
REWI-04,Elizabeth Wilson,Peddler,West,Small,26,62,Shred,Loyalist,Flat,Declining,31,Low,Low,random,7
RRGA-02,Robert Garcia,Peddler,East,Small,22,79,Shred,Opportunistic,Flat,Stable,90,High,Low,spiky,3
RJJO-02,James Jones,Peddler,West,Small,29,80,Shred,Opportunistic,Holiday Spike,Declining,83,Low,Low,spiky,7
RLMI-02,Linda Miller,Peddler,West,Small,32,93,Shred,Opportunistic,Winter Peak,Declining,21,Low,Low,cyclical,8
RMWI-06,Michael Williams,Peddler,West,Small,37,61,Shred,Relationship Driven,Summer Peak,Growing,8,Low,Low,spiky,7
RJGA-05,John Garcia,Peddler,West,Small,13,77,Shred,Opportunistic,Holiday Spike,Declining,51,High,Low,spiky,10
RJBR-03,John Brown,Peddler,Central,Small,32,98,Shred,Loyalist,Summer Peak,Stable,76,High,Low,cyclical,5
RJJO-03,James Jones,Peddler,West,Small,6,78,Shred,Price Sensitive,Holiday Spike,Growing,21,High,Low,spiky,3
RLBR-01,Linda Brown,Peddler,Central,Small,27,92,Shred,Price Sensitive,Winter Peak,Stable,17,High,Low,spiky,9
RJBR-04,John Brown,Peddler,Central,Small,39,79,Shred,Opportunistic,Holiday Spike,Stable,45,Medium,Low,cyclical,3
RBJO-02,Barbara Jones,Peddler,West,Small,34,99,Shred,Loyalist,Winter Peak,Growing,66,High,Low,cyclical,8
REWI-05,Elizabeth Wilson,Peddler,Central,Small,20,66,Shred,Loyalist,Winter Peak,Stable,36,High,Low,cyclical,4
RRJO-06,Robert Jones,Peddler,East,Small,10,93,Shred,Relationship Driven,Winter Peak,Declining,52,High,Low,cyclical,10
RJSM-02,James Smith,Peddler,West,Small,32,78,Shred,Opportunistic,Holiday Spike,Stable,50,High,Low,spiky,9
REBR-04,Elizabeth Brown,Peddler,Central,Small,15,94,Shred,Loyalist,Flat,Declining,39,Low,Low,random,8
RJJO-04,James Jones,Peddler,East,Small,31,68,Shred,Opportunistic,Summer Peak,Declining,43,High,Low,spiky,3
RPBR-01,Patricia Brown,Peddler,West,Small,20,86,Shred,Opportunistic,Flat,Stable,75,Medium,Low,cyclical,1
RBSM-03,Barbara Smith,Peddler,West,Small,38,97,Shred,High Volume,Winter Peak,Stable,25,High,Low,spiky,10
RMLO-03,Michael Lopez,Peddler,Central,Small,27,63,Shred,Relationship Driven,Summer Peak,Growing,44,Medium,Low,random,7
RJGA-06,James Garcia,Peddler,West,Small,12,65,Shred,Loyalist,Flat,Declining,23,Medium,Low,random,0
RJDA-02,John Davis,Peddler,Central,Small,14,70,Shred,High Volume,Summer Peak,Stable,98,Low,Low,spiky,9
RMMI-03,Michael Miller,Peddler,Central,Small,28,90,Shred,Loyalist,Winter Peak,Growing,69,Low,Low,random,5
RJGA-07,John Garcia,Peddler,West,Small,13,61,Shred,Price Sensitive,Summer Peak,Growing,89,Medium,Low,cyclical,2
RMMI-04,Maria Miller,Peddler,West,Small,38,79,Shred,Relationship Driven,Winter Peak,Growing,39,Medium,Low,cyclical,8
RELO-02,Elizabeth Lopez,Peddler,Central,Small,28,68,Shred,Opportunistic,Holiday Spike,Stable,97,Low,Low,spiky,6
RJBR-05,John Brown,Peddler,East,Small,9,73,Shred,Price Sensitive,Summer Peak,Growing,47,High,Low,random,0
RMJO-08,Michael Jones,Peddler,West,Small,40,63,Shred,High Volume,Winter Peak,Declining,14,High,Low,spiky,0
RMMI-05,Maria Miller,Peddler,Central,Small,25,67,Shred,High Volume,Flat,Stable,90,Low,Low,spiky,10
RJJO-05,John Jones,Peddler,Central,Small,7,93,Shred,Opportunistic,Summer Peak,Stable,14,High,Low,random,9
RMJO-09,Maria Jones,Peddler,East,Small,7,91,Shred,Relationship Driven,Summer Peak,Stable,67,Low,Low,cyclical,6
RRWI-02,Robert Williams,Peddler,East,Small,36,91,Shred,Relationship Driven,Holiday Spike,Stable,31,Low,Low,spiky,10
RMJO-10,Maria Johnson,Peddler,West,Small,32,69,Shred,Price Sensitive,Winter Peak,Declining,93,Low,Low,cyclical,10
RLDA-04,Linda Davis,Peddler,Central,Small,17,89,Shred,Price Sensitive,Winter Peak,Growing,6,Medium,Low,cyclical,10
RPMI-05,Patricia Miller,Peddler,West,Small,8,66,Shred,Price Sensitive,Winter Peak,Growing,85,High,Low,spiky,5
RPDA-02,Patricia Davis,Peddler,West,Small,18,65,Shred,Opportunistic,Flat,Growing,15,Medium,Low,cyclical,7
RRMI-03,Robert Miller,Peddler,West,Small,31,86,Shred,Relationship Driven,Winter Peak,Growing,90,High,Low,spiky,2
RMMI-06,Maria Miller,Peddler,West,Small,31,96,Shred,Loyalist,Summer Peak,Declining,49,Medium,Low,random,0
RJDA-03,James Davis,Peddler,Central,Small,8,86,Shred,Loyalist,Winter Peak,Growing,34,High,Low,cyclical,0
RWWI-05,William Wilson,Peddler,West,Small,37,74,Shred,Opportunistic,Winter Peak,Stable,85,High,Low,spiky,7
RPMI-06,Patricia Miller,Peddler,East,Small,36,99,Shred,Price Sensitive,Winter Peak,Declining,21,High,Low,cyclical,7
RJJO-06,James Johnson,Peddler,Central,Small,21,75,Shred,Opportunistic,Flat,Growing,65,Low,Low,random,10
RMMI-07,Michael Miller,Peddler,East,Small,6,89,Shred,Loyalist,Holiday Spike,Growing,64,Medium,Low,cyclical,1
RBSM-04,Barbara Smith,Peddler,East,Small,26,86,Shred,Price Sensitive,Winter Peak,Growing,78,High,Low,random,4
RWLO-02,William Lopez,Peddler,East,Small,30,81,Shred,Opportunistic,Winter Peak,Growing,59,Medium,Low,random,9
REDA-03,Elizabeth Davis,Peddler,West,Small,24,88,Shred,Price Sensitive,Winter Peak,Declining,29,Low,Low,cyclical,5
RRLO-02,Robert Lopez,Peddler,West,Small,24,66,Shred,Price Sensitive,Summer Peak,Stable,18,High,Low,random,6
RMJO-11,Maria Jones,Peddler,West,Small,13,72,Shred,Price Sensitive,Holiday Spike,Growing,59,Low,Low,random,5
RMMI-08,Maria Miller,Peddler,East,Small,38,67,Shred,Loyalist,Holiday Spike,Declining,76,High,Low,spiky,7
RJLO-02,John Lopez,Peddler,West,Small,4,95,Shred,Loyalist,Holiday Spike,Declining,100,Low,Low,random,9
RJWI-05,James Williams,Peddler,East,Small,25,98,Shred,High Volume,Flat,Declining,50,Medium,Low,random,3
RRMI-04,Robert Miller,Peddler,Central,Small,19,88,Shred,Relationship Driven,Summer Peak,Stable,78,High,Low,random,8
RRLO-03,Robert Lopez,Peddler,Central,Small,36,100,Shred,Relationship Driven,Summer Peak,Growing,80,High,Low,cyclical,10
RPWI-02,Patricia Williams,Peddler,West,Small,12,92,Shred,High Volume,Flat,Declining,15,Medium,Low,random,7
REWI-06,Elizabeth Wilson,Peddler,West,Small,27,94,Shred,Opportunistic,Holiday Spike,Growing,67,Low,Low,spiky,6
RJSM-03,James Smith,Peddler,West,Small,4,72,Shred,Opportunistic,Summer Peak,Stable,88,Medium,Low,spiky,0
RRBR-03,Robert Brown,Peddler,West,Small,3,82,Shred,Loyalist,Winter Peak,Declining,87,High,Low,random,3
RWMI-04,William Miller,Peddler,East,Small,33,78,Shred,Price Sensitive,Holiday Spike,Stable,54,High,Low,cyclical,8
RJSM-04,John Smith,Peddler,West,Small,17,72,Shred,High Volume,Holiday Spike,Growing,82,High,Low,random,10
RPWI-03,Patricia Wilson,Peddler,West,Small,39,72,Shred,Relationship Driven,Flat,Stable,23,High,Low,spiky,2
RJLO-03,James Lopez,Peddler,East,Small,25,62,Shred,Loyalist,Flat,Declining,34,Low,Low,spiky,9
RRSM-03,Robert Smith,Peddler,Central,Small,30,69,Shred,Price Sensitive,Summer Peak,Stable,77,Low,Low,random,9
RRDA-02,Robert Davis,Peddler,West,Small,36,82,Shred,Price Sensitive,Flat,Declining,29,Low,Low,random,1
RWWI-06,William Williams,Peddler,Central,Small,35,94,Shred,Loyalist,Winter Peak,Stable,29,Low,Low,random,5
RPGA-03,Patricia Garcia,Peddler,Central,Small,14,99,Shred,High Volume,Holiday Spike,Declining,97,High,Low,spiky,1
RPDA-03,Patricia Davis,Peddler,East,Small,40,99,Shred,Relationship Driven,Winter Peak,Declining,42,Medium,Low,spiky,6
RRLO-04,Robert Lopez,Peddler,West,Small,19,61,Shred,High Volume,Flat,Declining,66,Medium,Low,cyclical,0
RRBR-04,Robert Brown,Peddler,Central,Small,33,65,Shred,Price Sensitive,Summer Peak,Declining,69,Low,Low,random,1
RLBR-02,Linda Brown,Peddler,West,Small,28,66,Shred,Relationship Driven,Holiday Spike,Declining,10,High,Low,random,2
RJDA-04,John Davis,Peddler,West,Small,22,62,Shred,Price Sensitive,Winter Peak,Growing,23,Medium,Low,random,1
REBR-05,Elizabeth Brown,Peddler,Central,Small,27,84,Shred,Loyalist,Holiday Spike,Stable,41,Low,Low,cyclical,10
RMLO-04,Maria Lopez,Peddler,East,Small,40,64,Shred,High Volume,Winter Peak,Declining,10,Medium,Low,random,1
RRJO-07,Robert Jones,Peddler,West,Small,6,78,Shred,Loyalist,Holiday Spike,Stable,85,Low,Low,cyclical,2
RWBR-04,William Brown,Peddler,East,Small,26,94,Shred,Opportunistic,Summer Peak,Stable,87,High,Low,random,5
RJLO-04,John Lopez,Peddler,West,Small,10,67,Shred,Price Sensitive,Winter Peak,Declining,77,Medium,Low,random,8
RMJO-12,Maria Jones,Peddler,East,Small,23,73,Shred,Loyalist,Summer Peak,Growing,24,Low,Low,random,4
RLJO-06,Linda Johnson,Peddler,East,Small,37,63,Shred,High Volume,Holiday Spike,Declining,71,Low,Low,cyclical,10
RMJO-13,Maria Jones,Peddler,East,Small,13,97,Shred,Loyalist,Flat,Stable,17,High,Low,random,3
RMJO-14,Maria Jones,Peddler,West,Small,5,72,Shred,Opportunistic,Holiday Spike,Stable,43,High,Low,random,4
REWI-07,Elizabeth Williams,Peddler,West,Small,37,83,Shred,Opportunistic,Holiday Spike,Growing,1,Medium,Low,spiky,3
RMJO-15,Michael Jones,Peddler,Central,Small,9,81,Shred,Loyalist,Holiday Spike,Stable,46,Medium,Low,cyclical,8
RMWI-07,Maria Williams,Peddler,West,Small,39,65,Shred,Opportunistic,Summer Peak,Declining,26,Medium,Low,random,10
RMJO-16,Maria Johnson,Peddler,East,Small,33,100,Shred,Price Sensitive,Holiday Spike,Declining,28,Low,Low,random,4
RWLO-03,William Lopez,Peddler,Central,Small,10,83,Shred,Loyalist,Summer Peak,Declining,94,Medium,Low,spiky,7
RWLO-04,William Lopez,Peddler,East,Small,26,83,Shred,High Volume,Winter Peak,Declining,31,High,Low,random,2
RWWI-07,William Williams,Peddler,Central,Small,11,71,Shred,High Volume,Summer Peak,Declining,94,Medium,Low,cyclical,0
RLDA-05,Linda Davis,Peddler,East,Small,5,76,Shred,Opportunistic,Summer Peak,Growing,86,Low,Low,random,5
RMDA-03,Michael Davis,Peddler,Central,Small,3,62,Shred,Opportunistic,Winter Peak,Declining,67,High,Low,cyclical,4
RELO-03,Elizabeth Lopez,Peddler,West,Small,12,84,Shred,Loyalist,Flat,Declining,84,Low,Low,random,4
RMBR-03,Michael Brown,Peddler,West,Small,26,82,Shred,Opportunistic,Holiday Spike,Stable,78,Low,Low,random,2
RBWI-04,Barbara Williams,Peddler,East,Small,5,92,Shred,Opportunistic,Summer Peak,Growing,24,Low,Low,cyclical,9
RMBR-04,Maria Brown,Peddler,Central,Small,22,67,Shred,Loyalist,Holiday Spike,Stable,27,High,Low,spiky,10
RMSM-03,Michael Smith,Peddler,East,Small,3,68,Shred,High Volume,Summer Peak,Growing,81,High,Low,spiky,9
RJSM-05,James Smith,Peddler,East,Small,17,71,Shred,High Volume,Holiday Spike,Declining,73,High,Low,spiky,10
RRJO-08,Robert Johnson,Peddler,East,Small,29,98,Shred,Loyalist,Holiday Spike,Growing,29,Medium,Low,random,2
REWI-08,Elizabeth Williams,Peddler,West,Small,33,76,Shred,Relationship Driven,Flat,Stable,77,High,Low,spiky,3
RMMI-09,Michael Miller,Peddler,East,Small,7,61,Shred,Relationship Driven,Holiday Spike,Growing,78,Low,Low,spiky,7
REWI-09,Elizabeth Wilson,Peddler,East,Small,35,92,Shred,Price Sensitive,Winter Peak,Stable,85,Low,Low,random,8
RJMI-09,John Miller,Peddler,West,Small,27,83,Shred,Price Sensitive,Holiday Spike,Growing,62,Medium,Low,cyclical,9
REJO-02,Elizabeth Johnson,Peddler,Central,Small,9,76,Shred,Loyalist,Summer Peak,Growing,37,High,Low,random,6
RRBR-05,Robert Brown,Peddler,East,Small,1,96,Shred,High Volume,Winter Peak,Declining,1,Medium,Low,random,3
RPMI-07,Patricia Miller,Peddler,Central,Small,7,69,Shred,Loyalist,Flat,Stable,69,Medium,Low,random,5
REJO-03,Elizabeth Jones,Peddler,West,Small,26,73,Shred,Loyalist,Holiday Spike,Growing,48,High,Low,random,7
RRJO-09,Robert Jones,Peddler,West,Small,23,85,Shred,Relationship Driven,Winter Peak,Declining,30,Medium,Low,random,2
RMBR-05,Maria Brown,Peddler,West,Small,26,81,Shred,High Volume,Winter Peak,Growing,50,High,Low,spiky,1
RJDA-05,James Davis,Peddler,West,Small,28,65,Shred,Price Sensitive,Flat,Growing,48,Low,Low,random,0
RMMI-10,Michael Miller,Peddler,West,Small,34,78,Shred,High Volume,Winter Peak,Growing,82,Medium,Low,cyclical,0
RLLO-02,Linda Lopez,Peddler,Central,Small,13,62,Shred,High Volume,Summer Peak,Declining,22,High,Low,spiky,5
RLSM-01,Linda Smith,Peddler,East,Small,6,77,Shred,Loyalist,Flat,Declining,51,Medium,Low,random,3
RWSM-02,William Smith,Peddler,West,Small,5,65,Shred,High Volume,Flat,Declining,72,High,Low,cyclical,5
RRBR-06,Robert Brown,Peddler,West,Small,13,89,Shred,Loyalist,Winter Peak,Stable,23,Medium,Low,random,1
RWJO-03,William Johnson,Peddler,West,Small,19,81,Shred,Price Sensitive,Flat,Declining,74,Medium,Low,random,7
RMWI-08,Michael Wilson,Peddler,Central,Small,16,81,Shred,Loyalist,Holiday Spike,Declining,4,Medium,Low,spiky,4
RMMI-11,Maria Miller,Peddler,West,Small,15,74,Shred,Opportunistic,Holiday Spike,Stable,67,High,Low,spiky,4
RLJO-07,Linda Jones,Peddler,East,Small,26,81,Shred,Price Sensitive,Summer Peak,Stable,41,Medium,Low,spiky,9
RRWI-03,Robert Williams,Peddler,West,Small,13,91,Shred,Relationship Driven,Summer Peak,Declining,31,Medium,Low,spiky,3
RLBR-03,Linda Brown,Peddler,West,Small,23,69,Shred,Price Sensitive,Winter Peak,Growing,87,High,Low,cyclical,9
RJLO-05,John Lopez,Peddler,East,Small,31,83,Shred,High Volume,Flat,Stable,74,Medium,Low,cyclical,2
RWJO-04,William Jones,Peddler,Central,Small,15,96,Shred,Relationship Driven,Winter Peak,Declining,55,Medium,Low,random,0
RWGA-01,William Garcia,Peddler,Central,Small,12,89,Shred,Price Sensitive,Holiday Spike,Stable,89,Low,Low,spiky,10
RLMI-03,Linda Miller,Peddler,West,Small,7,80,Shred,Opportunistic,Flat,Growing,71,Medium,Low,spiky,4
RBWI-05,Barbara Wilson,Peddler,Central,Small,24,71,Shred,Loyalist,Holiday Spike,Growing,54,High,Low,cyclical,5
RMJO-17,Michael Jones,Peddler,Central,Small,12,96,Shred,Relationship Driven,Summer Peak,Growing,93,Medium,Low,spiky,8
RMMI-12,Michael Miller,Peddler,East,Small,10,69,Shred,Loyalist,Winter Peak,Growing,54,Medium,Low,spiky,10
RWLO-05,William Lopez,Peddler,West,Small,21,91,Shred,Opportunistic,Flat,Declining,73,Low,Low,cyclical,1
RJSM-06,James Smith,Peddler,East,Small,17,90,Shred,Price Sensitive,Holiday Spike,Declining,43,Medium,Low,cyclical,5
RWLO-06,William Lopez,Peddler,Central,Small,23,61,Shred,Loyalist,Winter Peak,Stable,87,High,Low,spiky,9
RELO-04,Elizabeth Lopez,Peddler,East,Small,19,82,Shred,Opportunistic,Holiday Spike,Declining,58,Low,Low,cyclical,9
RRDA-03,Robert Davis,Peddler,West,Small,10,70,Shred,Opportunistic,Holiday Spike,Declining,79,High,Low,cyclical,1
RMWI-09,Maria Williams,Peddler,Central,Small,15,80,Shred,Opportunistic,Flat,Declining,35,High,Low,random,6
RRDA-04,Robert Davis,Peddler,Central,Small,38,93,Shred,Loyalist,Holiday Spike,Growing,24,Low,Low,spiky,3
RRJO-10,Robert Johnson,Peddler,East,Small,11,85,Shred,Price Sensitive,Winter Peak,Growing,61,High,Low,spiky,0
RMLO-05,Michael Lopez,Peddler,East,Small,7,76,Shred,High Volume,Summer Peak,Growing,84,Medium,Low,cyclical,3
RLJO-08,Linda Jones,Peddler,Central,Small,9,68,Shred,High Volume,Summer Peak,Growing,5,High,Low,cyclical,5
RBDA-04,Barbara Davis,Peddler,West,Small,18,95,Shred,Loyalist,Summer Peak,Declining,70,Low,Low,random,9
RBWI-06,Barbara Wilson,Peddler,Central,Small,34,100,Shred,High Volume,Flat,Stable,62,High,Low,spiky,1
RBJO-03,Barbara Jones,Peddler,Central,Small,27,76,Shred,Relationship Driven,Flat,Growing,1,High,Low,spiky,5
RRDA-05,Robert Davis,Peddler,West,Small,1,91,Shred,Loyalist,Flat,Growing,99,Medium,Low,cyclical,9
RLSM-02,Linda Smith,Peddler,West,Small,24,72,Shred,Loyalist,Holiday Spike,Stable,32,Low,Low,random,10
RMMI-13,Michael Miller,Peddler,East,Small,17,65,Shred,Loyalist,Summer Peak,Declining,98,High,Low,random,10
RRJO-11,Robert Jones,Peddler,West,Small,35,77,Shred,Loyalist,Summer Peak,Growing,24,Low,Low,cyclical,1
RBWI-07,Barbara Wilson,Peddler,Central,Small,18,99,Shred,Loyalist,Summer Peak,Stable,3,Low,Low,spiky,8
RJWI-06,John Williams,Peddler,East,Small,19,77,Shred,Relationship Driven,Holiday Spike,Declining,2,Low,Low,spiky,2
RJDA-06,John Davis,Peddler,East,Small,22,86,Shred,Opportunistic,Holiday Spike,Stable,60,High,Low,spiky,5
RMWI-10,Maria Williams,Peddler,East,Small,18,85,Shred,Price Sensitive,Holiday Spike,Growing,25,Medium,Low,cyclical,0
RMBR-06,Maria Brown,Peddler,Central,Small,29,75,Shred,Price Sensitive,Summer Peak,Stable,95,Low,Low,random,10
RLDA-06,Linda Davis,Peddler,Central,Small,20,80,Shred,Relationship Driven,Winter Peak,Declining,71,High,Low,spiky,4
RBJO-04,Barbara Jones,Peddler,East,Small,24,63,Shred,Relationship Driven,Winter Peak,Growing,82,Medium,Low,cyclical,0
RJJO-07,James Jones,Peddler,West,Small,8,85,Shred,Relationship Driven,Winter Peak,Growing,75,High,Low,cyclical,9
RJGA-08,James Garcia,Peddler,East,Small,16,70,Shred,Loyalist,Winter Peak,Declining,80,Medium,Low,random,0
RJGA-09,John Garcia,Peddler,West,Small,10,94,Shred,Price Sensitive,Summer Peak,Stable,30,Medium,Low,random,10
RPDA-04,Patricia Davis,Peddler,West,Small,13,61,Shred,Loyalist,Flat,Declining,18,Medium,Low,spiky,7
RBLO-02,Barbara Lopez,Peddler,Central,Small,35,91,Shred,Relationship Driven,Summer Peak,Declining,45,Medium,Low,random,7
RRWI-04,Robert Wilson,Peddler,West,Small,11,64,Shred,High Volume,Summer Peak,Stable,38,Medium,Low,random,5
RBSM-05,Barbara Smith,Peddler,West,Small,33,84,Shred,Relationship Driven,Winter Peak,Declining,47,High,Low,spiky,5
RMLO-06,Maria Lopez,Peddler,Central,Small,13,93,Shred,Loyalist,Summer Peak,Declining,37,Medium,Low,cyclical,10
RPJO-06,Patricia Johnson,Peddler,East,Small,34,64,Shred,Price Sensitive,Summer Peak,Growing,5,Low,Low,spiky,7
RLJO-09,Linda Johnson,Peddler,East,Small,37,84,Shred,Loyalist,Flat,Growing,47,Low,Low,random,1
RJBR-06,John Brown,Peddler,West,Small,32,65,Shred,Loyalist,Winter Peak,Stable,72,High,Low,cyclical,5
RJWI-07,John Wilson,Peddler,Central,Small,34,62,Shred,Price Sensitive,Flat,Growing,28,High,Low,spiky,1
RLLO-03,Linda Lopez,Peddler,Central,Small,13,72,Shred,High Volume,Summer Peak,Declining,81,Low,Low,random,8
RMJO-18,Michael Johnson,Peddler,West,Small,37,82,Shred,Loyalist,Holiday Spike,Growing,22,Low,Low,random,6
RWGA-02,William Garcia,Peddler,West,Small,11,94,Shred,High Volume,Holiday Spike,Stable,41,High,Low,cyclical,5
RMMI-14,Michael Miller,Peddler,West,Small,21,98,Shred,Relationship Driven,Summer Peak,Stable,99,High,Low,random,4
RPDA-05,Patricia Davis,Peddler,Central,Small,26,60,Shred,Price Sensitive,Flat,Declining,3,High,Low,spiky,4
RJJO-08,John Jones,Peddler,East,Small,14,80,Shred,Price Sensitive,Flat,Declining,66,High,Low,random,9
RJJO-09,James Johnson,Peddler,East,Small,30,82,Shred,Relationship Driven,Summer Peak,Stable,47,High,Low,spiky,3
RRJO-12,Robert Jones,Peddler,East,Small,37,85,Shred,High Volume,Summer Peak,Declining,10,High,Low,cyclical,7
RJDA-07,James Davis,Peddler,West,Small,37,66,Shred,High Volume,Flat,Growing,94,High,Low,cyclical,1
RJGA-10,John Garcia,Peddler,Central,Small,28,86,Shred,Price Sensitive,Summer Peak,Declining,84,High,Low,spiky,10
RMSM-04,Michael Smith,Peddler,Central,Small,34,62,Shred,Opportunistic,Summer Peak,Stable,65,High,Low,spiky,2
RJMI-10,John Miller,Peddler,Central,Small,39,96,Shred,High Volume,Winter Peak,Growing,56,Medium,Low,cyclical,2
RJGA-11,James Garcia,Peddler,East,Small,31,96,Shred,Price Sensitive,Holiday Spike,Stable,11,Medium,Low,random,6
RJWI-08,James Williams,Peddler,Central,Small,36,72,Shred,Loyalist,Holiday Spike,Declining,74,Low,Low,random,9
RWBR-05,William Brown,Peddler,East,Small,5,77,Shred,Loyalist,Flat,Declining,74,Low,Low,spiky,10
RMMI-15,Michael Miller,Peddler,Central,Small,23,72,Shred,Opportunistic,Flat,Declining,84,Low,Low,cyclical,2
RPWI-04,Patricia Wilson,Peddler,Central,Small,40,69,Shred,Loyalist,Winter Peak,Growing,26,High,Low,cyclical,2
RMJO-19,Maria Johnson,Peddler,West,Small,4,75,Shred,High Volume,Summer Peak,Stable,2,Medium,Low,random,1
RRDA-06,Robert Davis,Peddler,Central,Small,2,81,Shred,Relationship Driven,Summer Peak,Growing,70,High,Low,cyclical,8
RBWI-08,Barbara Wilson,Peddler,West,Small,10,61,Shred,Loyalist,Winter Peak,Stable,22,Low,Low,cyclical,3
REJO-04,Elizabeth Jones,Peddler,East,Small,30,60,Shred,Price Sensitive,Holiday Spike,Declining,35,High,Low,random,5
RMSM-05,Maria Smith,Peddler,Central,Small,25,74,Shred,Loyalist,Winter Peak,Stable,63,High,Low,random,1
RJBR-07,James Brown,Peddler,West,Small,30,95,Shred,Price Sensitive,Winter Peak,Growing,68,Medium,Low,cyclical,7
RMWI-11,Michael Williams,Peddler,East,Small,23,82,Shred,Opportunistic,Flat,Growing,65,Medium,Low,spiky,10
RRMI-05,Robert Miller,Peddler,East,Small,36,77,Shred,Relationship Driven,Summer Peak,Stable,51,High,Low,spiky,1
RMLO-07,Michael Lopez,Peddler,West,Small,40,100,Shred,Relationship Driven,Holiday Spike,Growing,74,Low,Low,cyclical,4
REGA-01,Elizabeth Garcia,Peddler,Central,Small,35,68,Shred,Relationship Driven,Summer Peak,Declining,70,High,Low,spiky,2
RRLO-05,Robert Lopez,Peddler,East,Small,28,69,Shred,High Volume,Summer Peak,Stable,9,High,Low,random,1
RJGA-12,James Garcia,Peddler,East,Small,2,80,Shred,Loyalist,Holiday Spike,Stable,57,High,Low,random,4
RJBR-08,James Brown,Peddler,East,Small,9,71,Shred,Price Sensitive,Flat,Declining,73,High,Low,spiky,9
RLBR-04,Linda Brown,Peddler,West,Small,2,82,Shred,Price Sensitive,Holiday Spike,Growing,65,High,Low,cyclical,10
RPWI-05,Patricia Williams,Peddler,Central,Small,32,90,Shred,Relationship Driven,Summer Peak,Growing,29,Low,Low,cyclical,0
RRMI-06,Robert Miller,Peddler,East,Small,13,73,Shred,Price Sensitive,Summer Peak,Stable,79,Medium,Low,random,5
RBBR-01,Barbara Brown,Peddler,Central,Small,26,62,Shred,High Volume,Holiday Spike,Declining,41,Medium,Low,random,9
RELO-05,Elizabeth Lopez,Peddler,West,Small,3,93,Shred,Price Sensitive,Holiday Spike,Stable,6,Low,Low,random,8
RMSM-06,Michael Smith,Peddler,West,Small,25,93,Shred,Price Sensitive,Summer Peak,Stable,57,Medium,Low,cyclical,4
RBWI-09,Barbara Williams,Peddler,Central,Small,19,99,Shred,Price Sensitive,Summer Peak,Stable,83,Medium,Low,spiky,8
RMWI-12,Maria Williams,Peddler,West,Small,35,68,Shred,Loyalist,Holiday Spike,Stable,58,Low,Low,spiky,7
REBR-06,Elizabeth Brown,Peddler,Central,Small,6,76,Shred,Opportunistic,Summer Peak,Declining,94,Low,Low,spiky,1
RBGA-02,Barbara Garcia,Peddler,East,Small,34,84,Shred,High Volume,Summer Peak,Stable,71,Medium,Low,spiky,2
RPWI-06,Patricia Wilson,Peddler,West,Small,10,70,Shred,Relationship Driven,Summer Peak,Declining,7,Medium,Low,cyclical,4
RBJO-05,Barbara Jones,Peddler,West,Small,12,67,Shred,Relationship Driven,Summer Peak,Growing,80,Medium,Low,spiky,7
RBDA-05,Barbara Davis,Peddler,West,Small,1,98,Shred,Loyalist,Summer Peak,Growing,76,High,Low,cyclical,7
RMDA-04,Michael Davis,Peddler,East,Small,39,98,Shred,Price Sensitive,Summer Peak,Declining,36,High,Low,random,8
RLSM-03,Linda Smith,Peddler,East,Small,10,63,Shred,Opportunistic,Winter Peak,Growing,5,High,Low,random,9
RRGA-03,Robert Garcia,Peddler,East,Small,4,66,Shred,Loyalist,Summer Peak,Growing,87,Medium,Low,random,10
REWI-10,Elizabeth Wilson,Peddler,West,Small,12,89,Shred,High Volume,Flat,Growing,12,Medium,Low,cyclical,5
RMJO-20,Michael Johnson,Peddler,Central,Small,36,64,Shred,Opportunistic,Holiday Spike,Growing,16,High,Low,cyclical,5
RWMI-05,William Miller,Peddler,West,Small,14,73,Shred,High Volume,Winter Peak,Growing,74,High,Low,random,8
RMDA-05,Maria Davis,Peddler,West,Small,39,78,Shred,Loyalist,Flat,Stable,68,High,Low,random,5
RJWI-09,James Wilson,Peddler,West,Small,32,93,Shred,Loyalist,Holiday Spike,Growing,79,Low,Low,random,4
RLSM-04,Linda Smith,Peddler,East,Small,2,89,Shred,Price Sensitive,Summer Peak,Declining,54,Medium,Low,spiky,5
RPLO-01,Patricia Lopez,Peddler,West,Small,14,60,Shred,Relationship Driven,Flat,Stable,9,Medium,Low,cyclical,8
RWGA-03,William Garcia,Peddler,East,Small,8,81,Shred,Opportunistic,Holiday Spike,Declining,73,High,Low,spiky,2
RLGA-01,Linda Garcia,Peddler,Central,Small,31,90,Shred,Price Sensitive,Summer Peak,Stable,20,High,Low,cyclical,8
RPDA-06,Patricia Davis,Peddler,Central,Small,4,93,Shred,Opportunistic,Flat,Declining,69,Low,Low,spiky,9
RPGA-04,Patricia Garcia,Peddler,East,Small,10,77,Shred,Price Sensitive,Flat,Stable,81,High,Low,spiky,9
REMI-02,Elizabeth Miller,Peddler,East,Small,39,67,Shred,Opportunistic,Flat,Declining,5,Medium,Low,cyclical,1
RBBR-02,Barbara Brown,Peddler,Central,Small,29,79,Shred,Relationship Driven,Flat,Growing,15,Medium,Low,spiky,3
RMDA-06,Maria Davis,Peddler,West,Small,2,90,Shred,High Volume,Summer Peak,Growing,44,Medium,Low,random,8
RRGA-04,Robert Garcia,Peddler,East,Small,7,93,Shred,Relationship Driven,Summer Peak,Declining,5,Medium,Low,cyclical,8
RMSM-07,Maria Smith,Peddler,Central,Small,3,98,Shred,Price Sensitive,Flat,Stable,6,Low,Low,random,10
RRSM-04,Robert Smith,Peddler,West,Small,20,100,Shred,Relationship Driven,Flat,Growing,25,Medium,Low,cyclical,8
RPDA-07,Patricia Davis,Peddler,West,Small,8,77,Shred,Relationship Driven,Summer Peak,Stable,15,Low,Low,random,8
RWJO-05,William Johnson,Peddler,East,Small,35,82,Shred,High Volume,Flat,Stable,19,High,Low,cyclical,9
RLWI-04,Linda Williams,Peddler,East,Small,20,99,Shred,Opportunistic,Holiday Spike,Growing,17,Low,Low,cyclical,10
RJJO-10,John Johnson,Peddler,Central,Small,4,65,Shred,Loyalist,Holiday Spike,Growing,91,High,Low,random,10
RBWI-10,Barbara Wilson,Peddler,Central,Small,20,81,Shred,Relationship Driven,Winter Peak,Stable,73,Low,Low,spiky,7
RMDA-07,Maria Davis,Peddler,Central,Small,30,90,Shred,Relationship Driven,Summer Peak,Growing,79,Medium,Low,cyclical,6
RJGA-13,James Garcia,Peddler,Central,Small,30,91,Shred,Price Sensitive,Winter Peak,Stable,15,Medium,Low,cyclical,7
RJJO-11,James Jones,Peddler,Central,Small,39,96,Shred,Relationship Driven,Winter Peak,Stable,92,Low,Low,cyclical,8
RMJO-21,Maria Jones,Peddler,West,Small,30,85,Shred,High Volume,Holiday Spike,Growing,80,Low,Low,random,2
RBMI-02,Barbara Miller,Peddler,East,Small,22,73,Shred,High Volume,Holiday Spike,Stable,73,Medium,Low,random,3
RJJO-12,James Johnson,Peddler,West,Small,37,91,Shred,Price Sensitive,Holiday Spike,Stable,72,Low,Low,cyclical,2
RRMI-07,Robert Miller,Peddler,East,Small,39,66,Shred,High Volume,Holiday Spike,Stable,64,High,Low,random,0
RMBR-07,Maria Brown,Peddler,East,Small,38,100,Shred,Price Sensitive,Summer Peak,Declining,20,Medium,Low,random,4
RMWI-13,Michael Wilson,Peddler,West,Small,29,72,Shred,Relationship Driven,Flat,Stable,73,High,Low,cyclical,6
RPJO-07,Patricia Johnson,Peddler,West,Small,1,99,Shred,High Volume,Holiday Spike,Growing,38,Low,Low,cyclical,8
RJSM-07,John Smith,Peddler,West,Small,36,82,Shred,Price Sensitive,Flat,Growing,31,Medium,Low,random,9
RMGA-05,Michael Garcia,Peddler,West,Small,25,85,Shred,Loyalist,Holiday Spike,Declining,28,High,Low,spiky,7
RJBR-09,James Brown,Peddler,West,Small,25,83,Shred,Loyalist,Summer Peak,Stable,86,Low,Low,spiky,0
RMSM-08,Maria Smith,Peddler,East,Small,32,87,Shred,Relationship Driven,Winter Peak,Growing,83,Medium,Low,cyclical,9
RMWI-14,Michael Wilson,Peddler,East,Small,30,92,Shred,Loyalist,Holiday Spike,Stable,46,Low,Low,spiky,6
RESM-02,Elizabeth Smith,Peddler,West,Small,32,75,Shred,High Volume,Flat,Stable,70,High,Low,cyclical,0
RJWI-10,John Wilson,Peddler,Central,Small,24,67,Shred,High Volume,Holiday Spike,Declining,11,Low,Low,random,8
RRDA-07,Robert Davis,Peddler,West,Small,6,93,Shred,High Volume,Winter Peak,Growing,61,High,Low,random,10
RMLO-08,Maria Lopez,Peddler,West,Small,20,99,Shred,Price Sensitive,Flat,Declining,100,Low,Low,cyclical,7
RWDA-03,William Davis,Peddler,West,Small,22,86,Shred,Opportunistic,Flat,Stable,22,Low,Low,random,9
RRWI-05,Robert Wilson,Peddler,Central,Small,4,100,Shred,Loyalist,Summer Peak,Declining,7,High,Low,cyclical,9
RJJO-13,John Jones,Peddler,Central,Small,6,68,Shred,High Volume,Winter Peak,Stable,33,Low,Low,random,4
RRJO-13,Robert Jones,Peddler,East,Small,8,98,Shred,Relationship Driven,Summer Peak,Declining,58,Medium,Low,spiky,4
RLDA-07,Linda Davis,Peddler,East,Small,34,62,Shred,Opportunistic,Winter Peak,Growing,77,Low,Low,cyclical,6
RMBR-08,Michael Brown,Peddler,West,Small,29,100,Shred,Relationship Driven,Summer Peak,Declining,94,Medium,Low,spiky,10
RRJO-14,Robert Johnson,Peddler,East,Small,11,89,Shred,Loyalist,Holiday Spike,Stable,61,High,Low,random,3
RMMI-16,Michael Miller,Peddler,Central,Small,17,69,Shred,High Volume,Holiday Spike,Growing,37,Medium,Low,cyclical,10
RPLO-02,Patricia Lopez,Peddler,West,Small,3,66,Shred,High Volume,Flat,Stable,79,High,Low,cyclical,5
RRJO-15,Robert Jones,Peddler,East,Small,17,97,Shred,Loyalist,Holiday Spike,Declining,96,Low,Low,random,10
REBR-07,Elizabeth Brown,Peddler,West,Small,22,71,Shred,Opportunistic,Winter Peak,Declining,2,Low,Low,spiky,6
RMLO-09,Maria Lopez,Peddler,East,Small,29,82,Shred,Relationship Driven,Flat,Stable,25,Low,Low,spiky,9
RMSM-09,Maria Smith,Peddler,West,Small,14,98,Shred,Price Sensitive,Winter Peak,Growing,78,Low,Low,cyclical,10
REWI-11,Elizabeth Williams,Peddler,East,Small,12,76,Shred,Opportunistic,Holiday Spike,Declining,10,High,Low,cyclical,4
RMGA-06,Michael Garcia,Peddler,Central,Small,11,64,Shred,Opportunistic,Winter Peak,Stable,50,Medium,Low,spiky,4
RRWI-06,Robert Williams,Peddler,Central,Small,5,91,Shred,Relationship Driven,Holiday Spike,Growing,83,Medium,Low,spiky,2
RWMI-06,William Miller,Peddler,East,Small,40,66,Shred,Loyalist,Flat,Growing,5,Low,Low,spiky,9
RRDA-08,Robert Davis,Peddler,East,Small,32,69,Shred,Price Sensitive,Winter Peak,Declining,50,Medium,Low,spiky,5
RMWI-15,Michael Wilson,Peddler,East,Small,33,91,Shred,Loyalist,Holiday Spike,Stable,94,Low,Low,random,3
RJMI-11,John Miller,Peddler,West,Small,31,67,Shred,High Volume,Flat,Stable,88,Medium,Low,cyclical,0
RMGA-07,Maria Garcia,Peddler,West,Small,22,65,Shred,Loyalist,Flat,Declining,26,Low,Low,random,0
RMBR-09,Michael Brown,Peddler,Central,Small,25,66,Shred,Opportunistic,Holiday Spike,Growing,81,Medium,Low,random,3
RJSM-08,James Smith,Peddler,East,Small,2,97,Shred,Relationship Driven,Holiday Spike,Stable,9,High,Low,random,4
RBLO-03,Barbara Lopez,Peddler,Central,Small,2,62,Shred,Opportunistic,Winter Peak,Stable,93,Low,Low,cyclical,1
RLLO-04,Linda Lopez,Peddler,Central,Small,35,69,Shred,High Volume,Summer Peak,Growing,5,High,Low,spiky,7
RJDA-08,John Davis,Peddler,West,Small,3,75,Shred,Relationship Driven,Winter Peak,Growing,81,Low,Low,cyclical,1
RBWI-11,Barbara Wilson,Peddler,East,Small,38,64,Shred,Price Sensitive,Winter Peak,Stable,77,High,Low,spiky,1
RLMI-04,Linda Miller,Peddler,Central,Small,26,80,Shred,Price Sensitive,Summer Peak,Stable,28,Low,Low,random,2
RPJO-08,Patricia Johnson,Peddler,East,Small,18,69,Shred,Loyalist,Summer Peak,Declining,48,High,Low,spiky,7
RLWI-05,Linda Wilson,Peddler,East,Small,9,66,Shred,High Volume,Holiday Spike,Growing,3,Medium,Low,spiky,0
RJWI-11,John Williams,Peddler,East,Small,38,78,Shred,Loyalist,Holiday Spike,Declining,17,Low,Low,spiky,10
RRLO-06,Robert Lopez,Peddler,Central,Small,27,75,Shred,Relationship Driven,Winter Peak,Declining,24,High,Low,cyclical,9
RMJO-22,Maria Jones,Peddler,Central,Small,27,60,Shred,High Volume,Summer Peak,Growing,16,High,Low,spiky,9
RPLO-03,Patricia Lopez,Peddler,West,Small,15,89,Shred,Relationship Driven,Flat,Growing,25,Low,Low,spiky,10
RBDA-06,Barbara Davis,Peddler,East,Small,11,62,Shred,Price Sensitive,Flat,Stable,27,Medium,Low,cyclical,5
REDA-04,Elizabeth Davis,Peddler,East,Small,7,63,Shred,High Volume,Summer Peak,Growing,4,Medium,Low,random,1
RMBR-10,Maria Brown,Peddler,West,Small,29,97,Shred,High Volume,Flat,Stable,26,High,Low,random,5
RLJO-10,Linda Johnson,Peddler,Central,Small,15,66,Shred,Relationship Driven,Holiday Spike,Growing,49,Low,Low,spiky,7
REDA-05,Elizabeth Davis,Peddler,East,Small,28,69,Shred,Relationship Driven,Holiday Spike,Growing,50,Medium,Low,spiky,7
RLGA-02,Linda Garcia,Peddler,Central,Small,13,81,Shred,Relationship Driven,Winter Peak,Declining,73,Low,Low,cyclical,2
RMDA-08,Maria Davis,Peddler,Central,Small,27,70,Shred,Opportunistic,Summer Peak,Stable,78,Low,Low,random,9
RJWI-12,James Wilson,Peddler,West,Small,15,65,Shred,Loyalist,Holiday Spike,Growing,76,Medium,Low,cyclical,4
RJMI-12,John Miller,Peddler,West,Small,16,75,Shred,Opportunistic,Holiday Spike,Declining,29,High,Low,spiky,9
RJMI-13,John Miller,Peddler,East,Small,3,90,Shred,High Volume,Winter Peak,Stable,68,Medium,Low,cyclical,1
RBDA-07,Barbara Davis,Peddler,East,Small,6,95,Shred,Price Sensitive,Holiday Spike,Growing,17,Medium,Low,cyclical,3
RMSM-10,Maria Smith,Peddler,Central,Small,20,70,Shred,Loyalist,Winter Peak,Stable,60,Low,Low,random,6
RJGA-14,James Garcia,Peddler,West,Small,30,100,Shred,Price Sensitive,Winter Peak,Stable,89,Medium,Low,random,0
RRMI-08,Robert Miller,Peddler,Central,Small,40,94,Shred,High Volume,Summer Peak,Declining,11,High,Low,cyclical,0
RWGA-04,William Garcia,Peddler,East,Small,8,84,Shred,Opportunistic,Holiday Spike,Declining,6,Medium,Low,cyclical,2
RWJO-06,William Johnson,Peddler,West,Small,14,68,Shred,Opportunistic,Summer Peak,Declining,15,High,Low,cyclical,9
RLBR-05,Linda Brown,Peddler,Central,Small,23,77,Shred,High Volume,Holiday Spike,Stable,7,Low,Low,cyclical,5
RBDA-08,Barbara Davis,Peddler,West,Small,34,67,Shred,Loyalist,Flat,Stable,80,Medium,Low,random,1
RLDA-08,Linda Davis,Peddler,East,Small,6,85,Shred,Relationship Driven,Flat,Growing,14,Low,Low,cyclical,1
RJDA-09,James Davis,Peddler,East,Small,14,93,Shred,Price Sensitive,Flat,Stable,88,High,Low,spiky,7
RPMI-08,Patricia Miller,Peddler,Central,Small,2,78,Shred,Relationship Driven,Winter Peak,Growing,30,High,Low,random,5
RMWI-16,Michael Wilson,Peddler,Central,Small,21,91,Shred,High Volume,Holiday Spike,Stable,39,High,Low,spiky,4
RJJO-14,James Jones,Peddler,East,Small,31,83,Shred,Opportunistic,Winter Peak,Growing,46,Medium,Low,cyclical,2
REWI-12,Elizabeth Williams,Peddler,West,Small,35,78,Shred,Relationship Driven,Summer Peak,Declining,89,High,Low,spiky,2
RLJO-11,Linda Johnson,Peddler,East,Small,21,96,Shred,Relationship Driven,Holiday Spike,Stable,48,Low,Low,spiky,8
RJGA-15,John Garcia,Peddler,Central,Small,10,83,Shred,Loyalist,Summer Peak,Declining,39,Low,Low,spiky,6
RBWI-12,Barbara Williams,Peddler,Central,Small,21,69,Shred,Price Sensitive,Flat,Declining,91,Medium,Low,cyclical,4
REWI-13,Elizabeth Williams,Peddler,West,Small,29,81,Shred,Price Sensitive,Holiday Spike,Growing,18,High,Low,random,1
RRSM-05,Robert Smith,Peddler,Central,Small,40,74,Shred,Loyalist,Flat,Growing,42,Low,Low,random,10
RLWI-06,Linda Wilson,Peddler,West,Small,15,77,Shred,Relationship Driven,Winter Peak,Growing,69,Medium,Low,random,10
RMLO-10,Maria Lopez,Peddler,Central,Small,13,91,Shred,Opportunistic,Winter Peak,Declining,47,Medium,Low,spiky,6
RPMI-09,Patricia Miller,Peddler,Central,Small,1,78,Shred,Opportunistic,Flat,Stable,58,High,Low,spiky,3
RBMI-03,Barbara Miller,Peddler,Central,Small,19,70,Shred,Loyalist,Holiday Spike,Growing,76,High,Low,spiky,2
RLJO-12,Linda Jones,Peddler,Central,Small,34,81,Shred,Price Sensitive,Holiday Spike,Growing,1,Medium,Low,random,4
RMWI-17,Michael Williams,Peddler,West,Small,30,96,Shred,Relationship Driven,Summer Peak,Growing,49,Medium,Low,random,7
RJJO-15,John Jones,Peddler,West,Small,20,91,Shred,High Volume,Holiday Spike,Growing,4,Low,Low,spiky,4
RRDA-09,Robert Davis,Peddler,East,Small,19,86,Shred,Relationship Driven,Holiday Spike,Declining,83,Low,Low,spiky,1
RRDA-10,Robert Davis,Peddler,East,Small,39,83,Shred,High Volume,Holiday Spike,Declining,56,Medium,Low,random,10
RBJO-06,Barbara Johnson,Peddler,Central,Small,33,96,Shred,Price Sensitive,Flat,Growing,75,Low,Low,spiky,5
RBWI-13,Barbara Williams,Peddler,Central,Small,11,63,Shred,Opportunistic,Flat,Stable,82,Medium,Low,spiky,4
RRLO-07,Robert Lopez,Peddler,West,Small,5,92,Shred,Relationship Driven,Summer Peak,Growing,77,Low,Low,random,5
RPJO-09,Patricia Jones,Peddler,Central,Small,24,66,Shred,High Volume,Flat,Growing,2,Low,Low,random,4
RPDA-08,Patricia Davis,Peddler,Central,Small,22,70,Shred,Price Sensitive,Summer Peak,Growing,65,Low,Low,spiky,8
RELO-06,Elizabeth Lopez,Peddler,West,Small,36,67,Shred,Loyalist,Holiday Spike,Growing,15,Low,Low,spiky,7
RPJO-10,Patricia Jones,Peddler,West,Small,24,68,Shred,Loyalist,Flat,Growing,91,Medium,Low,spiky,1
RLWI-07,Linda Williams,Peddler,West,Small,10,74,Shred,Opportunistic,Summer Peak,Growing,17,Low,Low,cyclical,1
RMSM-11,Maria Smith,Peddler,Central,Small,28,62,Shred,Relationship Driven,Winter Peak,Growing,85,High,Low,random,0
RBJO-07,Barbara Johnson,Peddler,Central,Small,3,64,Shred,Opportunistic,Winter Peak,Growing,16,High,Low,spiky,9
RLWI-08,Linda Williams,Peddler,West,Small,23,61,Shred,Price Sensitive,Summer Peak,Declining,36,High,Low,cyclical,5
RJLO-06,James Lopez,Peddler,West,Small,40,75,Shred,High Volume,Winter Peak,Growing,75,Low,Low,random,3
RLJO-13,Linda Jones,Peddler,East,Small,35,60,Shred,Price Sensitive,Summer Peak,Declining,91,Medium,Low,cyclical,9
RJDA-10,James Davis,Peddler,West,Small,7,71,Shred,Opportunistic,Holiday Spike,Stable,28,High,Low,spiky,6
RMGA-08,Maria Garcia,Peddler,East,Small,30,67,Shred,High Volume,Summer Peak,Stable,98,Medium,Low,random,4
RWSM-03,William Smith,Peddler,East,Small,21,91,Shred,Price Sensitive,Holiday Spike,Stable,59,High,Low,random,4
RBBR-03,Barbara Brown,Peddler,West,Small,27,78,Shred,Loyalist,Summer Peak,Growing,61,High,Low,cyclical,2
RJDA-11,John Davis,Peddler,West,Small,7,85,Shred,Loyalist,Winter Peak,Growing,19,Medium,Low,cyclical,9
RMWI-18,Maria Williams,Peddler,East,Small,24,72,Shred,Opportunistic,Summer Peak,Declining,52,Low,Low,spiky,6
RBJO-08,Barbara Jones,Peddler,West,Small,38,97,Shred,Opportunistic,Holiday Spike,Stable,61,High,Low,random,6
RBLO-04,Barbara Lopez,Peddler,Central,Small,10,89,Shred,Price Sensitive,Winter Peak,Stable,63,Medium,Low,spiky,10
RJSM-09,James Smith,Peddler,East,Small,4,64,Shred,Loyalist,Winter Peak,Growing,49,High,Low,random,5
RJJO-16,James Jones,Peddler,West,Small,40,66,Shred,Price Sensitive,Holiday Spike,Stable,26,Medium,Low,random,7
RBLO-05,Barbara Lopez,Peddler,Central,Small,35,81,Shred,High Volume,Winter Peak,Growing,56,Low,Low,cyclical,7
RPMI-10,Patricia Miller,Peddler,Central,Small,30,62,Shred,Price Sensitive,Summer Peak,Declining,85,Medium,Low,random,2
RBMI-04,Barbara Miller,Peddler,East,Small,20,84,Shred,Loyalist,Winter Peak,Declining,87,Medium,Low,random,8
RWWI-08,William Wilson,Peddler,Central,Small,31,95,Shred,Relationship Driven,Winter Peak,Stable,34,Medium,Low,random,6
REGA-02,Elizabeth Garcia,Peddler,Central,Small,21,63,Shred,Price Sensitive,Winter Peak,Growing,47,Medium,Low,random,9
RJGA-16,John Garcia,Peddler,Central,Small,7,87,Shred,Opportunistic,Flat,Stable,45,Low,Low,random,3
RLBR-06,Linda Brown,Peddler,West,Small,20,97,Shred,Price Sensitive,Winter Peak,Stable,15,Medium,Low,spiky,0
RWGA-05,William Garcia,Peddler,East,Small,30,87,Shred,High Volume,Holiday Spike,Stable,3,High,Low,cyclical,9
RJGA-17,John Garcia,Peddler,Central,Small,37,84,Shred,Opportunistic,Winter Peak,Stable,13,High,Low,random,3
RPDA-09,Patricia Davis,Peddler,West,Small,22,70,Shred,High Volume,Flat,Stable,56,Low,Low,cyclical,10
RMLO-11,Maria Lopez,Peddler,East,Small,19,76,Shred,Price Sensitive,Flat,Declining,52,Low,Low,random,1
REJO-05,Elizabeth Johnson,Peddler,West,Small,22,77,Shred,Price Sensitive,Holiday Spike,Stable,27,Medium,Low,spiky,10
RRLO-08,Robert Lopez,Peddler,Central,Small,28,94,Shred,Opportunistic,Summer Peak,Stable,52,Medium,Low,random,8
RBLO-06,Barbara Lopez,Peddler,East,Small,2,100,Shred,High Volume,Summer Peak,Declining,64,Low,Low,random,7
RRLO-09,Robert Lopez,Peddler,West,Small,28,96,Shred,Price Sensitive,Summer Peak,Stable,60,Low,Low,spiky,2
RRMI-09,Robert Miller,Peddler,Central,Small,21,64,Shred,Relationship Driven,Holiday Spike,Stable,37,High,Low,spiky,4
REBR-08,Elizabeth Brown,Peddler,Central,Small,16,67,Shred,Relationship Driven,Summer Peak,Growing,32,Medium,Low,cyclical,7
RWMI-07,William Miller,Peddler,Central,Small,3,72,Shred,Relationship Driven,Flat,Growing,4,Medium,Low,cyclical,10
RWWI-09,William Williams,Peddler,West,Small,3,91,Shred,Price Sensitive,Winter Peak,Growing,41,High,Low,cyclical,1
RMGA-09,Michael Garcia,Peddler,West,Small,6,85,Shred,Relationship Driven,Summer Peak,Growing,74,High,Low,random,1
